Campaign,Ad Group,Keyword,Criterion Type
TQ | Pesquisa | Hardware e PCB,,curso,Campaign Negative Phrase
TQ | Pesquisa | Hardware e PCB,,cursos,Campaign Negative Phrase
TQ | Pesquisa | Hardware e PCB,,aula,Campaign Negative Phrase
TQ | Pesquisa | Hardware e PCB,,aulas,Campaign Negative Phrase
TQ | Pesquisa | Hardware e PCB,,apostila,Campaign Negative Phrase
TQ | Pesquisa | Hardware e PCB,,apostilas,Campaign Negative Phrase
TQ | Pesquisa | Hardware e PCB,,tutorial,Campaign Negative Phrase
TQ | Pesquisa | Hardware e PCB,,treinamento,Campaign Negative Phrase
TQ | Pesquisa | Hardware e PCB,,capacitacao,Campaign Negative Phrase
TQ | Pesquisa | Hardware e PCB,,capacitação,Campaign Negative Phrase
TQ | Pesquisa | Hardware e PCB,,workshop,Campaign Negative Phrase
TQ | Pesquisa | Hardware e PCB,,palestra,Campaign Negative Phrase
TQ | Pesquisa | Hardware e PCB,,ebook,Campaign Negative Phrase
TQ | Pesquisa | Hardware e PCB,,e-book,Campaign Negative Phrase
TQ | Pesquisa | Hardware e PCB,,slide,Campaign Negative Phrase
TQ | Pesquisa | Hardware e PCB,,slides,Campaign Negative Phrase
TQ | Pesquisa | Hardware e PCB,,aprender,Campaign Negative Phrase
TQ | Pesquisa | Hardware e PCB,,aprenda,Campaign Negative Phrase
TQ | Pesquisa | Hardware e PCB,,estudar,Campaign Negative Phrase
TQ | Pesquisa | Hardware e PCB,,exercicios,Campaign Negative Phrase
TQ | Pesquisa | Hardware e PCB,,exercícios,Campaign Negative Phrase
TQ | Pesquisa | Hardware e PCB,,simulado,Campaign Negative Phrase
TQ | Pesquisa | Hardware e PCB,,resumo,Campaign Negative Phrase
TQ | Pesquisa | Hardware e PCB,,artigo,Campaign Negative Phrase
TQ | Pesquisa | Hardware e PCB,,artigos,Campaign Negative Phrase
TQ | Pesquisa | Hardware e PCB,,tcc,Campaign Negative Phrase
TQ | Pesquisa | Hardware e PCB,,monografia,Campaign Negative Phrase
TQ | Pesquisa | Hardware e PCB,,dissertação,Campaign Negative Phrase
TQ | Pesquisa | Hardware e PCB,,tese,Campaign Negative Phrase
TQ | Pesquisa | Hardware e PCB,,mestrado,Campaign Negative Phrase
TQ | Pesquisa | Hardware e PCB,,doutorado,Campaign Negative Phrase
TQ | Pesquisa | Hardware e PCB,,graduação,Campaign Negative Phrase
TQ | Pesquisa | Hardware e PCB,,pos graduação,Campaign Negative Phrase
TQ | Pesquisa | Hardware e PCB,,pós graduação,Campaign Negative Phrase
TQ | Pesquisa | Hardware e PCB,,faculdade,Campaign Negative Phrase
TQ | Pesquisa | Hardware e PCB,,universidade,Campaign Negative Phrase
TQ | Pesquisa | Hardware e PCB,,senai,Campaign Negative Phrase
TQ | Pesquisa | Hardware e PCB,,senac,Campaign Negative Phrase
TQ | Pesquisa | Hardware e PCB,,sesi,Campaign Negative Phrase
TQ | Pesquisa | Hardware e PCB,,etec,Campaign Negative Phrase
TQ | Pesquisa | Hardware e PCB,,fatec,Campaign Negative Phrase
TQ | Pesquisa | Hardware e PCB,,ifsp,Campaign Negative Phrase
TQ | Pesquisa | Hardware e PCB,,curso tecnico,Campaign Negative Phrase
TQ | Pesquisa | Hardware e PCB,,curso técnico,Campaign Negative Phrase
TQ | Pesquisa | Hardware e PCB,,tecnico em,Campaign Negative Phrase
TQ | Pesquisa | Hardware e PCB,,técnico em,Campaign Negative Phrase
TQ | Pesquisa | Hardware e PCB,,bolsa,Campaign Negative Phrase
TQ | Pesquisa | Hardware e PCB,,matricula,Campaign Negative Phrase
TQ | Pesquisa | Hardware e PCB,,matrícula,Campaign Negative Phrase
TQ | Pesquisa | Hardware e PCB,,ead,Campaign Negative Phrase
TQ | Pesquisa | Hardware e PCB,,certificado,Campaign Negative Phrase
TQ | Pesquisa | Hardware e PCB,,certificação profissional,Campaign Negative Phrase
TQ | Pesquisa | Hardware e PCB,,livro,Campaign Negative Phrase
TQ | Pesquisa | Hardware e PCB,,material didatico,Campaign Negative Phrase
TQ | Pesquisa | Hardware e PCB,,material didático,Campaign Negative Phrase
TQ | Pesquisa | Hardware e PCB,,trabalho escolar,Campaign Negative Phrase
TQ | Pesquisa | Hardware e PCB,,feira de ciencias,Campaign Negative Phrase
TQ | Pesquisa | Hardware e PCB,,feira de ciências,Campaign Negative Phrase
TQ | Pesquisa | Hardware e PCB,,projeto escolar,Campaign Negative Phrase
TQ | Pesquisa | Hardware e PCB,,escolar,Campaign Negative Phrase
TQ | Pesquisa | Hardware e PCB,,estudante,Campaign Negative Phrase
TQ | Pesquisa | Hardware e PCB,,aluno,Campaign Negative Phrase
TQ | Pesquisa | Hardware e PCB,,professor,Campaign Negative Phrase
TQ | Pesquisa | Hardware e PCB,,sala de aula,Campaign Negative Phrase
TQ | Pesquisa | Hardware e PCB,,emprego,Campaign Negative Phrase
TQ | Pesquisa | Hardware e PCB,,empregos,Campaign Negative Phrase
TQ | Pesquisa | Hardware e PCB,,vaga,Campaign Negative Phrase
TQ | Pesquisa | Hardware e PCB,,vagas,Campaign Negative Phrase
TQ | Pesquisa | Hardware e PCB,,salario,Campaign Negative Phrase
TQ | Pesquisa | Hardware e PCB,,salário,Campaign Negative Phrase
TQ | Pesquisa | Hardware e PCB,,quanto ganha,Campaign Negative Phrase
TQ | Pesquisa | Hardware e PCB,,piso salarial,Campaign Negative Phrase
TQ | Pesquisa | Hardware e PCB,,clt,Campaign Negative Phrase
TQ | Pesquisa | Hardware e PCB,,estagio,Campaign Negative Phrase
TQ | Pesquisa | Hardware e PCB,,estágio,Campaign Negative Phrase
TQ | Pesquisa | Hardware e PCB,,estagiario,Campaign Negative Phrase
TQ | Pesquisa | Hardware e PCB,,estagiário,Campaign Negative Phrase
TQ | Pesquisa | Hardware e PCB,,trainee,Campaign Negative Phrase
TQ | Pesquisa | Hardware e PCB,,curriculo,Campaign Negative Phrase
TQ | Pesquisa | Hardware e PCB,,currículo,Campaign Negative Phrase
TQ | Pesquisa | Hardware e PCB,,recrutamento,Campaign Negative Phrase
TQ | Pesquisa | Hardware e PCB,,contrata-se,Campaign Negative Phrase
TQ | Pesquisa | Hardware e PCB,,indeed,Campaign Negative Phrase
TQ | Pesquisa | Hardware e PCB,,catho,Campaign Negative Phrase
TQ | Pesquisa | Hardware e PCB,,gupy,Campaign Negative Phrase
TQ | Pesquisa | Hardware e PCB,,infojobs,Campaign Negative Phrase
TQ | Pesquisa | Hardware e PCB,,concurso,Campaign Negative Phrase
TQ | Pesquisa | Hardware e PCB,,carreira,Campaign Negative Phrase
TQ | Pesquisa | Hardware e PCB,,profissao,Campaign Negative Phrase
TQ | Pesquisa | Hardware e PCB,,profissão,Campaign Negative Phrase
TQ | Pesquisa | Hardware e PCB,,mercado de trabalho,Campaign Negative Phrase
TQ | Pesquisa | Hardware e PCB,,arduino,Campaign Negative Phrase
TQ | Pesquisa | Hardware e PCB,,raspberry,Campaign Negative Phrase
TQ | Pesquisa | Hardware e PCB,,hobby,Campaign Negative Phrase
TQ | Pesquisa | Hardware e PCB,,faça você mesmo,Campaign Negative Phrase
TQ | Pesquisa | Hardware e PCB,,faca voce mesmo,Campaign Negative Phrase
TQ | Pesquisa | Hardware e PCB,,diy,Campaign Negative Phrase
TQ | Pesquisa | Hardware e PCB,,como fazer,Campaign Negative Phrase
TQ | Pesquisa | Hardware e PCB,,como montar,Campaign Negative Phrase
TQ | Pesquisa | Hardware e PCB,,como criar,Campaign Negative Phrase
TQ | Pesquisa | Hardware e PCB,,passo a passo,Campaign Negative Phrase
TQ | Pesquisa | Hardware e PCB,,iniciante,Campaign Negative Phrase
TQ | Pesquisa | Hardware e PCB,,iniciantes,Campaign Negative Phrase
TQ | Pesquisa | Hardware e PCB,,para iniciantes,Campaign Negative Phrase
TQ | Pesquisa | Hardware e PCB,,caseiro,Campaign Negative Phrase
TQ | Pesquisa | Hardware e PCB,,em casa,Campaign Negative Phrase
TQ | Pesquisa | Hardware e PCB,,gambiarra,Campaign Negative Phrase
TQ | Pesquisa | Hardware e PCB,,maker,Campaign Negative Phrase
TQ | Pesquisa | Hardware e PCB,,tinkercad,Campaign Negative Phrase
TQ | Pesquisa | Hardware e PCB,,fritzing,Campaign Negative Phrase
TQ | Pesquisa | Hardware e PCB,,proteus,Campaign Negative Phrase
TQ | Pesquisa | Hardware e PCB,,multisim,Campaign Negative Phrase
TQ | Pesquisa | Hardware e PCB,,simulador,Campaign Negative Phrase
TQ | Pesquisa | Hardware e PCB,,simulação online,Campaign Negative Phrase
TQ | Pesquisa | Hardware e PCB,,download,Campaign Negative Phrase
TQ | Pesquisa | Hardware e PCB,,baixar,Campaign Negative Phrase
TQ | Pesquisa | Hardware e PCB,,gratis,Campaign Negative Phrase
TQ | Pesquisa | Hardware e PCB,,grátis,Campaign Negative Phrase
TQ | Pesquisa | Hardware e PCB,,gratuito,Campaign Negative Phrase
TQ | Pesquisa | Hardware e PCB,,de graça,Campaign Negative Phrase
TQ | Pesquisa | Hardware e PCB,,free,Campaign Negative Phrase
TQ | Pesquisa | Hardware e PCB,,torrent,Campaign Negative Phrase
TQ | Pesquisa | Hardware e PCB,,crack,Campaign Negative Phrase
TQ | Pesquisa | Hardware e PCB,,pdf,Campaign Negative Phrase
TQ | Pesquisa | Hardware e PCB,,ppt,Campaign Negative Phrase
TQ | Pesquisa | Hardware e PCB,,planilha,Campaign Negative Phrase
TQ | Pesquisa | Hardware e PCB,,template,Campaign Negative Phrase
TQ | Pesquisa | Hardware e PCB,,modelo pronto,Campaign Negative Phrase
TQ | Pesquisa | Hardware e PCB,,o que é,Campaign Negative Phrase
TQ | Pesquisa | Hardware e PCB,,o que sao,Campaign Negative Phrase
TQ | Pesquisa | Hardware e PCB,,o que são,Campaign Negative Phrase
TQ | Pesquisa | Hardware e PCB,,significado,Campaign Negative Phrase
TQ | Pesquisa | Hardware e PCB,,conceito,Campaign Negative Phrase
TQ | Pesquisa | Hardware e PCB,,definição,Campaign Negative Phrase
TQ | Pesquisa | Hardware e PCB,,para que serve,Campaign Negative Phrase
TQ | Pesquisa | Hardware e PCB,,tipos de,Campaign Negative Phrase
TQ | Pesquisa | Hardware e PCB,,exemplos de,Campaign Negative Phrase
TQ | Pesquisa | Hardware e PCB,,exemplo de,Campaign Negative Phrase
TQ | Pesquisa | Hardware e PCB,,historia,Campaign Negative Phrase
TQ | Pesquisa | Hardware e PCB,,história,Campaign Negative Phrase
TQ | Pesquisa | Hardware e PCB,,wikipedia,Campaign Negative Phrase
TQ | Pesquisa | Hardware e PCB,,quais sao,Campaign Negative Phrase
TQ | Pesquisa | Hardware e PCB,,quais são,Campaign Negative Phrase
TQ | Pesquisa | Hardware e PCB,,como funciona,Campaign Negative Phrase
TQ | Pesquisa | Hardware e PCB,,vantagens e desvantagens,Campaign Negative Phrase
TQ | Pesquisa | Hardware e PCB,,caracteristicas,Campaign Negative Phrase
TQ | Pesquisa | Hardware e PCB,,características,Campaign Negative Phrase
TQ | Pesquisa | Hardware e PCB,,pilares,Campaign Negative Phrase
TQ | Pesquisa | Hardware e PCB,,diferença entre,Campaign Negative Phrase
TQ | Pesquisa | Hardware e PCB,,resumo sobre,Campaign Negative Phrase
TQ | Pesquisa | Hardware e PCB,,introdução,Campaign Negative Phrase
TQ | Pesquisa | Hardware e PCB,,comprar,Campaign Negative Phrase
TQ | Pesquisa | Hardware e PCB,,venda de,Campaign Negative Phrase
TQ | Pesquisa | Hardware e PCB,,loja,Campaign Negative Phrase
TQ | Pesquisa | Hardware e PCB,,lojas,Campaign Negative Phrase
TQ | Pesquisa | Hardware e PCB,,mercado livre,Campaign Negative Phrase
TQ | Pesquisa | Hardware e PCB,,olx,Campaign Negative Phrase
TQ | Pesquisa | Hardware e PCB,,shopee,Campaign Negative Phrase
TQ | Pesquisa | Hardware e PCB,,aliexpress,Campaign Negative Phrase
TQ | Pesquisa | Hardware e PCB,,amazon,Campaign Negative Phrase
TQ | Pesquisa | Hardware e PCB,,usado,Campaign Negative Phrase
TQ | Pesquisa | Hardware e PCB,,seminovo,Campaign Negative Phrase
TQ | Pesquisa | Hardware e PCB,,revenda,Campaign Negative Phrase
TQ | Pesquisa | Hardware e PCB,,atacado,Campaign Negative Phrase
TQ | Pesquisa | Hardware e PCB,,distribuidor,Campaign Negative Phrase
TQ | Pesquisa | Hardware e PCB,,fornecedor de componentes,Campaign Negative Phrase
TQ | Pesquisa | Hardware e PCB,,componentes eletronicos preço,Campaign Negative Phrase
TQ | Pesquisa | Hardware e PCB,,kit,Campaign Negative Phrase
TQ | Pesquisa | Hardware e PCB,,datasheet,Campaign Negative Phrase
TQ | Pesquisa | Hardware e PCB,,esquema eletrico,Campaign Negative Phrase
TQ | Pesquisa | Hardware e PCB,,esquema elétrico,Campaign Negative Phrase
TQ | Pesquisa | Hardware e PCB,,manual de instruções,Campaign Negative Phrase
TQ | Pesquisa | Hardware e PCB,,pinagem,Campaign Negative Phrase
TQ | Pesquisa | Hardware e PCB,,catalogo,Campaign Negative Phrase
TQ | Pesquisa | Hardware e PCB,,catálogo,Campaign Negative Phrase
TQ | Pesquisa | Hardware e PCB,,conserto,Campaign Negative Phrase
TQ | Pesquisa | Hardware e PCB,,consertar,Campaign Negative Phrase
TQ | Pesquisa | Hardware e PCB,,assistencia tecnica,Campaign Negative Phrase
TQ | Pesquisa | Hardware e PCB,,assistência técnica,Campaign Negative Phrase
TQ | Pesquisa | Hardware e PCB,,manutencao de celular,Campaign Negative Phrase
TQ | Pesquisa | Hardware e PCB,,manutenção de celular,Campaign Negative Phrase
TQ | Pesquisa | Hardware e PCB,,conserto de celular,Campaign Negative Phrase
TQ | Pesquisa | Hardware e PCB,,conserto de notebook,Campaign Negative Phrase
TQ | Pesquisa | Hardware e PCB,,conserto de computador,Campaign Negative Phrase
TQ | Pesquisa | Hardware e PCB,,conserto de tv,Campaign Negative Phrase
TQ | Pesquisa | Hardware e PCB,,conserto de geladeira,Campaign Negative Phrase
TQ | Pesquisa | Hardware e PCB,,maquina de lavar,Campaign Negative Phrase
TQ | Pesquisa | Hardware e PCB,,máquina de lavar,Campaign Negative Phrase
TQ | Pesquisa | Hardware e PCB,,ar condicionado,Campaign Negative Phrase
TQ | Pesquisa | Hardware e PCB,,elevador,Campaign Negative Phrase
TQ | Pesquisa | Hardware e PCB,,eletrodomestico,Campaign Negative Phrase
TQ | Pesquisa | Hardware e PCB,,eletrodoméstico,Campaign Negative Phrase
TQ | Pesquisa | Hardware e PCB,,residencial,Campaign Negative Phrase
TQ | Pesquisa | Hardware e PCB,,domestica,Campaign Negative Phrase
TQ | Pesquisa | Hardware e PCB,,doméstica,Campaign Negative Phrase
TQ | Pesquisa | Hardware e PCB,,domotica,Campaign Negative Phrase
TQ | Pesquisa | Hardware e PCB,,domótica,Campaign Negative Phrase
TQ | Pesquisa | Hardware e PCB,,automação residencial,Campaign Negative Phrase
TQ | Pesquisa | Hardware e PCB,,casa inteligente,Campaign Negative Phrase
TQ | Pesquisa | Hardware e PCB,,portão eletrônico,Campaign Negative Phrase
TQ | Pesquisa | Hardware e PCB,,portao eletronico,Campaign Negative Phrase
TQ | Pesquisa | Hardware e PCB,,cerca eletrica,Campaign Negative Phrase
TQ | Pesquisa | Hardware e PCB,,cerca elétrica,Campaign Negative Phrase
TQ | Pesquisa | Hardware e PCB,,cftv,Campaign Negative Phrase
TQ | Pesquisa | Hardware e PCB,,camera de seguranca,Campaign Negative Phrase
TQ | Pesquisa | Hardware e PCB,,câmera de segurança,Campaign Negative Phrase
TQ | Pesquisa | Hardware e PCB,,alarme residencial,Campaign Negative Phrase
TQ | Pesquisa | Hardware e PCB,,interfone,Campaign Negative Phrase
TQ | Pesquisa | Hardware e PCB,,instalação elétrica,Campaign Negative Phrase
TQ | Pesquisa | Hardware e PCB,,eletricista,Campaign Negative Phrase
TQ | Pesquisa | Hardware e PCB,,energia solar residencial,Campaign Negative Phrase
TQ | Pesquisa | Hardware e PCB,,instalação de painel solar,Campaign Negative Phrase
TQ | Pesquisa | Hardware e PCB,,placa solar preço,Campaign Negative Phrase
TQ | Pesquisa | Hardware e PCB,,criação de site,Campaign Negative Phrase
TQ | Pesquisa | Hardware e PCB,,criacao de site,Campaign Negative Phrase
TQ | Pesquisa | Hardware e PCB,,loja virtual,Campaign Negative Phrase
TQ | Pesquisa | Hardware e PCB,,e-commerce,Campaign Negative Phrase
TQ | Pesquisa | Hardware e PCB,,aplicativo de delivery,Campaign Negative Phrase
TQ | Pesquisa | Hardware e PCB,,jogo,Campaign Negative Phrase
TQ | Pesquisa | Hardware e PCB,,game,Campaign Negative Phrase
TQ | Pesquisa | Hardware e PCB,,marketing digital,Campaign Negative Phrase
TQ | Pesquisa | Hardware e PCB,,trafego pago,Campaign Negative Phrase
TQ | Pesquisa | Hardware e PCB,,tráfego pago,Campaign Negative Phrase
TQ | Pesquisa | Hardware e PCB,,seo,Campaign Negative Phrase
TQ | Pesquisa | Hardware e PCB,,social media,Campaign Negative Phrase
TQ | Pesquisa | Hardware e PCB,,erp,Campaign Negative Phrase
TQ | Pesquisa | Hardware e PCB,,sistema de vendas,Campaign Negative Phrase
TQ | Pesquisa | Hardware e PCB,,software contabil,Campaign Negative Phrase
TQ | Pesquisa | Hardware e PCB,,software contábil,Campaign Negative Phrase
TQ | Pesquisa | Hardware e PCB,,power bi,Campaign Negative Phrase
TQ | Pesquisa | Hardware e PCB,,excel,Campaign Negative Phrase
TQ | Pesquisa | Hardware e PCB,,consultoria empresarial,Campaign Negative Phrase
TQ | Pesquisa | Hardware e PCB,,consultoria financeira,Campaign Negative Phrase
TQ | Pesquisa | Hardware e PCB,,consultoria de rh,Campaign Negative Phrase
TQ | Pesquisa | Hardware e PCB,,consultoria de marketing,Campaign Negative Phrase
TQ | Pesquisa | Hardware e PCB,,consultoria contabil,Campaign Negative Phrase
TQ | Pesquisa | Hardware e PCB,,consultoria contábil,Campaign Negative Phrase
TQ | Pesquisa | Hardware e PCB,,freelancer,Campaign Negative Phrase
TQ | Pesquisa | Hardware e PCB,,freela,Campaign Negative Phrase
TQ | Pesquisa | Hardware e PCB,,autonomo,Campaign Negative Phrase
TQ | Pesquisa | Hardware e PCB,,autônomo,Campaign Negative Phrase
TQ | Pesquisa | Hardware e PCB,,profissional autonomo,Campaign Negative Phrase
TQ | Pesquisa | Hardware e PCB,,pessoa fisica,Campaign Negative Phrase
TQ | Pesquisa | Hardware e PCB,,pessoa física,Campaign Negative Phrase
TQ | Pesquisa | Hardware e PCB,,portugal,Campaign Negative Phrase
TQ | Pesquisa | Hardware e PCB,,angola,Campaign Negative Phrase
TQ | Pesquisa | Hardware e PCB,,moçambique,Campaign Negative Phrase
TQ | Pesquisa | Hardware e PCB,,mocambique,Campaign Negative Phrase
TQ | Pesquisa | Firmware e Embarcados,,curso,Campaign Negative Phrase
TQ | Pesquisa | Firmware e Embarcados,,cursos,Campaign Negative Phrase
TQ | Pesquisa | Firmware e Embarcados,,aula,Campaign Negative Phrase
TQ | Pesquisa | Firmware e Embarcados,,aulas,Campaign Negative Phrase
TQ | Pesquisa | Firmware e Embarcados,,apostila,Campaign Negative Phrase
TQ | Pesquisa | Firmware e Embarcados,,apostilas,Campaign Negative Phrase
TQ | Pesquisa | Firmware e Embarcados,,tutorial,Campaign Negative Phrase
TQ | Pesquisa | Firmware e Embarcados,,treinamento,Campaign Negative Phrase
TQ | Pesquisa | Firmware e Embarcados,,capacitacao,Campaign Negative Phrase
TQ | Pesquisa | Firmware e Embarcados,,capacitação,Campaign Negative Phrase
TQ | Pesquisa | Firmware e Embarcados,,workshop,Campaign Negative Phrase
TQ | Pesquisa | Firmware e Embarcados,,palestra,Campaign Negative Phrase
TQ | Pesquisa | Firmware e Embarcados,,ebook,Campaign Negative Phrase
TQ | Pesquisa | Firmware e Embarcados,,e-book,Campaign Negative Phrase
TQ | Pesquisa | Firmware e Embarcados,,slide,Campaign Negative Phrase
TQ | Pesquisa | Firmware e Embarcados,,slides,Campaign Negative Phrase
TQ | Pesquisa | Firmware e Embarcados,,aprender,Campaign Negative Phrase
TQ | Pesquisa | Firmware e Embarcados,,aprenda,Campaign Negative Phrase
TQ | Pesquisa | Firmware e Embarcados,,estudar,Campaign Negative Phrase
TQ | Pesquisa | Firmware e Embarcados,,exercicios,Campaign Negative Phrase
TQ | Pesquisa | Firmware e Embarcados,,exercícios,Campaign Negative Phrase
TQ | Pesquisa | Firmware e Embarcados,,simulado,Campaign Negative Phrase
TQ | Pesquisa | Firmware e Embarcados,,resumo,Campaign Negative Phrase
TQ | Pesquisa | Firmware e Embarcados,,artigo,Campaign Negative Phrase
TQ | Pesquisa | Firmware e Embarcados,,artigos,Campaign Negative Phrase
TQ | Pesquisa | Firmware e Embarcados,,tcc,Campaign Negative Phrase
TQ | Pesquisa | Firmware e Embarcados,,monografia,Campaign Negative Phrase
TQ | Pesquisa | Firmware e Embarcados,,dissertação,Campaign Negative Phrase
TQ | Pesquisa | Firmware e Embarcados,,tese,Campaign Negative Phrase
TQ | Pesquisa | Firmware e Embarcados,,mestrado,Campaign Negative Phrase
TQ | Pesquisa | Firmware e Embarcados,,doutorado,Campaign Negative Phrase
TQ | Pesquisa | Firmware e Embarcados,,graduação,Campaign Negative Phrase
TQ | Pesquisa | Firmware e Embarcados,,pos graduação,Campaign Negative Phrase
TQ | Pesquisa | Firmware e Embarcados,,pós graduação,Campaign Negative Phrase
TQ | Pesquisa | Firmware e Embarcados,,faculdade,Campaign Negative Phrase
TQ | Pesquisa | Firmware e Embarcados,,universidade,Campaign Negative Phrase
TQ | Pesquisa | Firmware e Embarcados,,senai,Campaign Negative Phrase
TQ | Pesquisa | Firmware e Embarcados,,senac,Campaign Negative Phrase
TQ | Pesquisa | Firmware e Embarcados,,sesi,Campaign Negative Phrase
TQ | Pesquisa | Firmware e Embarcados,,etec,Campaign Negative Phrase
TQ | Pesquisa | Firmware e Embarcados,,fatec,Campaign Negative Phrase
TQ | Pesquisa | Firmware e Embarcados,,ifsp,Campaign Negative Phrase
TQ | Pesquisa | Firmware e Embarcados,,curso tecnico,Campaign Negative Phrase
TQ | Pesquisa | Firmware e Embarcados,,curso técnico,Campaign Negative Phrase
TQ | Pesquisa | Firmware e Embarcados,,tecnico em,Campaign Negative Phrase
TQ | Pesquisa | Firmware e Embarcados,,técnico em,Campaign Negative Phrase
TQ | Pesquisa | Firmware e Embarcados,,bolsa,Campaign Negative Phrase
TQ | Pesquisa | Firmware e Embarcados,,matricula,Campaign Negative Phrase
TQ | Pesquisa | Firmware e Embarcados,,matrícula,Campaign Negative Phrase
TQ | Pesquisa | Firmware e Embarcados,,ead,Campaign Negative Phrase
TQ | Pesquisa | Firmware e Embarcados,,certificado,Campaign Negative Phrase
TQ | Pesquisa | Firmware e Embarcados,,certificação profissional,Campaign Negative Phrase
TQ | Pesquisa | Firmware e Embarcados,,livro,Campaign Negative Phrase
TQ | Pesquisa | Firmware e Embarcados,,material didatico,Campaign Negative Phrase
TQ | Pesquisa | Firmware e Embarcados,,material didático,Campaign Negative Phrase
TQ | Pesquisa | Firmware e Embarcados,,trabalho escolar,Campaign Negative Phrase
TQ | Pesquisa | Firmware e Embarcados,,feira de ciencias,Campaign Negative Phrase
TQ | Pesquisa | Firmware e Embarcados,,feira de ciências,Campaign Negative Phrase
TQ | Pesquisa | Firmware e Embarcados,,projeto escolar,Campaign Negative Phrase
TQ | Pesquisa | Firmware e Embarcados,,escolar,Campaign Negative Phrase
TQ | Pesquisa | Firmware e Embarcados,,estudante,Campaign Negative Phrase
TQ | Pesquisa | Firmware e Embarcados,,aluno,Campaign Negative Phrase
TQ | Pesquisa | Firmware e Embarcados,,professor,Campaign Negative Phrase
TQ | Pesquisa | Firmware e Embarcados,,sala de aula,Campaign Negative Phrase
TQ | Pesquisa | Firmware e Embarcados,,emprego,Campaign Negative Phrase
TQ | Pesquisa | Firmware e Embarcados,,empregos,Campaign Negative Phrase
TQ | Pesquisa | Firmware e Embarcados,,vaga,Campaign Negative Phrase
TQ | Pesquisa | Firmware e Embarcados,,vagas,Campaign Negative Phrase
TQ | Pesquisa | Firmware e Embarcados,,salario,Campaign Negative Phrase
TQ | Pesquisa | Firmware e Embarcados,,salário,Campaign Negative Phrase
TQ | Pesquisa | Firmware e Embarcados,,quanto ganha,Campaign Negative Phrase
TQ | Pesquisa | Firmware e Embarcados,,piso salarial,Campaign Negative Phrase
TQ | Pesquisa | Firmware e Embarcados,,clt,Campaign Negative Phrase
TQ | Pesquisa | Firmware e Embarcados,,estagio,Campaign Negative Phrase
TQ | Pesquisa | Firmware e Embarcados,,estágio,Campaign Negative Phrase
TQ | Pesquisa | Firmware e Embarcados,,estagiario,Campaign Negative Phrase
TQ | Pesquisa | Firmware e Embarcados,,estagiário,Campaign Negative Phrase
TQ | Pesquisa | Firmware e Embarcados,,trainee,Campaign Negative Phrase
TQ | Pesquisa | Firmware e Embarcados,,curriculo,Campaign Negative Phrase
TQ | Pesquisa | Firmware e Embarcados,,currículo,Campaign Negative Phrase
TQ | Pesquisa | Firmware e Embarcados,,recrutamento,Campaign Negative Phrase
TQ | Pesquisa | Firmware e Embarcados,,contrata-se,Campaign Negative Phrase
TQ | Pesquisa | Firmware e Embarcados,,indeed,Campaign Negative Phrase
TQ | Pesquisa | Firmware e Embarcados,,catho,Campaign Negative Phrase
TQ | Pesquisa | Firmware e Embarcados,,gupy,Campaign Negative Phrase
TQ | Pesquisa | Firmware e Embarcados,,infojobs,Campaign Negative Phrase
TQ | Pesquisa | Firmware e Embarcados,,concurso,Campaign Negative Phrase
TQ | Pesquisa | Firmware e Embarcados,,carreira,Campaign Negative Phrase
TQ | Pesquisa | Firmware e Embarcados,,profissao,Campaign Negative Phrase
TQ | Pesquisa | Firmware e Embarcados,,profissão,Campaign Negative Phrase
TQ | Pesquisa | Firmware e Embarcados,,mercado de trabalho,Campaign Negative Phrase
TQ | Pesquisa | Firmware e Embarcados,,arduino,Campaign Negative Phrase
TQ | Pesquisa | Firmware e Embarcados,,raspberry,Campaign Negative Phrase
TQ | Pesquisa | Firmware e Embarcados,,hobby,Campaign Negative Phrase
TQ | Pesquisa | Firmware e Embarcados,,faça você mesmo,Campaign Negative Phrase
TQ | Pesquisa | Firmware e Embarcados,,faca voce mesmo,Campaign Negative Phrase
TQ | Pesquisa | Firmware e Embarcados,,diy,Campaign Negative Phrase
TQ | Pesquisa | Firmware e Embarcados,,como fazer,Campaign Negative Phrase
TQ | Pesquisa | Firmware e Embarcados,,como montar,Campaign Negative Phrase
TQ | Pesquisa | Firmware e Embarcados,,como criar,Campaign Negative Phrase
TQ | Pesquisa | Firmware e Embarcados,,passo a passo,Campaign Negative Phrase
TQ | Pesquisa | Firmware e Embarcados,,iniciante,Campaign Negative Phrase
TQ | Pesquisa | Firmware e Embarcados,,iniciantes,Campaign Negative Phrase
TQ | Pesquisa | Firmware e Embarcados,,para iniciantes,Campaign Negative Phrase
TQ | Pesquisa | Firmware e Embarcados,,caseiro,Campaign Negative Phrase
TQ | Pesquisa | Firmware e Embarcados,,em casa,Campaign Negative Phrase
TQ | Pesquisa | Firmware e Embarcados,,gambiarra,Campaign Negative Phrase
TQ | Pesquisa | Firmware e Embarcados,,maker,Campaign Negative Phrase
TQ | Pesquisa | Firmware e Embarcados,,tinkercad,Campaign Negative Phrase
TQ | Pesquisa | Firmware e Embarcados,,fritzing,Campaign Negative Phrase
TQ | Pesquisa | Firmware e Embarcados,,proteus,Campaign Negative Phrase
TQ | Pesquisa | Firmware e Embarcados,,multisim,Campaign Negative Phrase
TQ | Pesquisa | Firmware e Embarcados,,simulador,Campaign Negative Phrase
TQ | Pesquisa | Firmware e Embarcados,,simulação online,Campaign Negative Phrase
TQ | Pesquisa | Firmware e Embarcados,,download,Campaign Negative Phrase
TQ | Pesquisa | Firmware e Embarcados,,baixar,Campaign Negative Phrase
TQ | Pesquisa | Firmware e Embarcados,,gratis,Campaign Negative Phrase
TQ | Pesquisa | Firmware e Embarcados,,grátis,Campaign Negative Phrase
TQ | Pesquisa | Firmware e Embarcados,,gratuito,Campaign Negative Phrase
TQ | Pesquisa | Firmware e Embarcados,,de graça,Campaign Negative Phrase
TQ | Pesquisa | Firmware e Embarcados,,free,Campaign Negative Phrase
TQ | Pesquisa | Firmware e Embarcados,,torrent,Campaign Negative Phrase
TQ | Pesquisa | Firmware e Embarcados,,crack,Campaign Negative Phrase
TQ | Pesquisa | Firmware e Embarcados,,pdf,Campaign Negative Phrase
TQ | Pesquisa | Firmware e Embarcados,,ppt,Campaign Negative Phrase
TQ | Pesquisa | Firmware e Embarcados,,planilha,Campaign Negative Phrase
TQ | Pesquisa | Firmware e Embarcados,,template,Campaign Negative Phrase
TQ | Pesquisa | Firmware e Embarcados,,modelo pronto,Campaign Negative Phrase
TQ | Pesquisa | Firmware e Embarcados,,o que é,Campaign Negative Phrase
TQ | Pesquisa | Firmware e Embarcados,,o que sao,Campaign Negative Phrase
TQ | Pesquisa | Firmware e Embarcados,,o que são,Campaign Negative Phrase
TQ | Pesquisa | Firmware e Embarcados,,significado,Campaign Negative Phrase
TQ | Pesquisa | Firmware e Embarcados,,conceito,Campaign Negative Phrase
TQ | Pesquisa | Firmware e Embarcados,,definição,Campaign Negative Phrase
TQ | Pesquisa | Firmware e Embarcados,,para que serve,Campaign Negative Phrase
TQ | Pesquisa | Firmware e Embarcados,,tipos de,Campaign Negative Phrase
TQ | Pesquisa | Firmware e Embarcados,,exemplos de,Campaign Negative Phrase
TQ | Pesquisa | Firmware e Embarcados,,exemplo de,Campaign Negative Phrase
TQ | Pesquisa | Firmware e Embarcados,,historia,Campaign Negative Phrase
TQ | Pesquisa | Firmware e Embarcados,,história,Campaign Negative Phrase
TQ | Pesquisa | Firmware e Embarcados,,wikipedia,Campaign Negative Phrase
TQ | Pesquisa | Firmware e Embarcados,,quais sao,Campaign Negative Phrase
TQ | Pesquisa | Firmware e Embarcados,,quais são,Campaign Negative Phrase
TQ | Pesquisa | Firmware e Embarcados,,como funciona,Campaign Negative Phrase
TQ | Pesquisa | Firmware e Embarcados,,vantagens e desvantagens,Campaign Negative Phrase
TQ | Pesquisa | Firmware e Embarcados,,caracteristicas,Campaign Negative Phrase
TQ | Pesquisa | Firmware e Embarcados,,características,Campaign Negative Phrase
TQ | Pesquisa | Firmware e Embarcados,,pilares,Campaign Negative Phrase
TQ | Pesquisa | Firmware e Embarcados,,diferença entre,Campaign Negative Phrase
TQ | Pesquisa | Firmware e Embarcados,,resumo sobre,Campaign Negative Phrase
TQ | Pesquisa | Firmware e Embarcados,,introdução,Campaign Negative Phrase
TQ | Pesquisa | Firmware e Embarcados,,comprar,Campaign Negative Phrase
TQ | Pesquisa | Firmware e Embarcados,,venda de,Campaign Negative Phrase
TQ | Pesquisa | Firmware e Embarcados,,loja,Campaign Negative Phrase
TQ | Pesquisa | Firmware e Embarcados,,lojas,Campaign Negative Phrase
TQ | Pesquisa | Firmware e Embarcados,,mercado livre,Campaign Negative Phrase
TQ | Pesquisa | Firmware e Embarcados,,olx,Campaign Negative Phrase
TQ | Pesquisa | Firmware e Embarcados,,shopee,Campaign Negative Phrase
TQ | Pesquisa | Firmware e Embarcados,,aliexpress,Campaign Negative Phrase
TQ | Pesquisa | Firmware e Embarcados,,amazon,Campaign Negative Phrase
TQ | Pesquisa | Firmware e Embarcados,,usado,Campaign Negative Phrase
TQ | Pesquisa | Firmware e Embarcados,,seminovo,Campaign Negative Phrase
TQ | Pesquisa | Firmware e Embarcados,,revenda,Campaign Negative Phrase
TQ | Pesquisa | Firmware e Embarcados,,atacado,Campaign Negative Phrase
TQ | Pesquisa | Firmware e Embarcados,,distribuidor,Campaign Negative Phrase
TQ | Pesquisa | Firmware e Embarcados,,fornecedor de componentes,Campaign Negative Phrase
TQ | Pesquisa | Firmware e Embarcados,,componentes eletronicos preço,Campaign Negative Phrase
TQ | Pesquisa | Firmware e Embarcados,,kit,Campaign Negative Phrase
TQ | Pesquisa | Firmware e Embarcados,,datasheet,Campaign Negative Phrase
TQ | Pesquisa | Firmware e Embarcados,,esquema eletrico,Campaign Negative Phrase
TQ | Pesquisa | Firmware e Embarcados,,esquema elétrico,Campaign Negative Phrase
TQ | Pesquisa | Firmware e Embarcados,,manual de instruções,Campaign Negative Phrase
TQ | Pesquisa | Firmware e Embarcados,,pinagem,Campaign Negative Phrase
TQ | Pesquisa | Firmware e Embarcados,,catalogo,Campaign Negative Phrase
TQ | Pesquisa | Firmware e Embarcados,,catálogo,Campaign Negative Phrase
TQ | Pesquisa | Firmware e Embarcados,,conserto,Campaign Negative Phrase
TQ | Pesquisa | Firmware e Embarcados,,consertar,Campaign Negative Phrase
TQ | Pesquisa | Firmware e Embarcados,,assistencia tecnica,Campaign Negative Phrase
TQ | Pesquisa | Firmware e Embarcados,,assistência técnica,Campaign Negative Phrase
TQ | Pesquisa | Firmware e Embarcados,,manutencao de celular,Campaign Negative Phrase
TQ | Pesquisa | Firmware e Embarcados,,manutenção de celular,Campaign Negative Phrase
TQ | Pesquisa | Firmware e Embarcados,,conserto de celular,Campaign Negative Phrase
TQ | Pesquisa | Firmware e Embarcados,,conserto de notebook,Campaign Negative Phrase
TQ | Pesquisa | Firmware e Embarcados,,conserto de computador,Campaign Negative Phrase
TQ | Pesquisa | Firmware e Embarcados,,conserto de tv,Campaign Negative Phrase
TQ | Pesquisa | Firmware e Embarcados,,conserto de geladeira,Campaign Negative Phrase
TQ | Pesquisa | Firmware e Embarcados,,maquina de lavar,Campaign Negative Phrase
TQ | Pesquisa | Firmware e Embarcados,,máquina de lavar,Campaign Negative Phrase
TQ | Pesquisa | Firmware e Embarcados,,ar condicionado,Campaign Negative Phrase
TQ | Pesquisa | Firmware e Embarcados,,elevador,Campaign Negative Phrase
TQ | Pesquisa | Firmware e Embarcados,,eletrodomestico,Campaign Negative Phrase
TQ | Pesquisa | Firmware e Embarcados,,eletrodoméstico,Campaign Negative Phrase
TQ | Pesquisa | Firmware e Embarcados,,residencial,Campaign Negative Phrase
TQ | Pesquisa | Firmware e Embarcados,,domestica,Campaign Negative Phrase
TQ | Pesquisa | Firmware e Embarcados,,doméstica,Campaign Negative Phrase
TQ | Pesquisa | Firmware e Embarcados,,domotica,Campaign Negative Phrase
TQ | Pesquisa | Firmware e Embarcados,,domótica,Campaign Negative Phrase
TQ | Pesquisa | Firmware e Embarcados,,automação residencial,Campaign Negative Phrase
TQ | Pesquisa | Firmware e Embarcados,,casa inteligente,Campaign Negative Phrase
TQ | Pesquisa | Firmware e Embarcados,,portão eletrônico,Campaign Negative Phrase
TQ | Pesquisa | Firmware e Embarcados,,portao eletronico,Campaign Negative Phrase
TQ | Pesquisa | Firmware e Embarcados,,cerca eletrica,Campaign Negative Phrase
TQ | Pesquisa | Firmware e Embarcados,,cerca elétrica,Campaign Negative Phrase
TQ | Pesquisa | Firmware e Embarcados,,cftv,Campaign Negative Phrase
TQ | Pesquisa | Firmware e Embarcados,,camera de seguranca,Campaign Negative Phrase
TQ | Pesquisa | Firmware e Embarcados,,câmera de segurança,Campaign Negative Phrase
TQ | Pesquisa | Firmware e Embarcados,,alarme residencial,Campaign Negative Phrase
TQ | Pesquisa | Firmware e Embarcados,,interfone,Campaign Negative Phrase
TQ | Pesquisa | Firmware e Embarcados,,instalação elétrica,Campaign Negative Phrase
TQ | Pesquisa | Firmware e Embarcados,,eletricista,Campaign Negative Phrase
TQ | Pesquisa | Firmware e Embarcados,,energia solar residencial,Campaign Negative Phrase
TQ | Pesquisa | Firmware e Embarcados,,instalação de painel solar,Campaign Negative Phrase
TQ | Pesquisa | Firmware e Embarcados,,placa solar preço,Campaign Negative Phrase
TQ | Pesquisa | Firmware e Embarcados,,criação de site,Campaign Negative Phrase
TQ | Pesquisa | Firmware e Embarcados,,criacao de site,Campaign Negative Phrase
TQ | Pesquisa | Firmware e Embarcados,,loja virtual,Campaign Negative Phrase
TQ | Pesquisa | Firmware e Embarcados,,e-commerce,Campaign Negative Phrase
TQ | Pesquisa | Firmware e Embarcados,,aplicativo de delivery,Campaign Negative Phrase
TQ | Pesquisa | Firmware e Embarcados,,jogo,Campaign Negative Phrase
TQ | Pesquisa | Firmware e Embarcados,,game,Campaign Negative Phrase
TQ | Pesquisa | Firmware e Embarcados,,marketing digital,Campaign Negative Phrase
TQ | Pesquisa | Firmware e Embarcados,,trafego pago,Campaign Negative Phrase
TQ | Pesquisa | Firmware e Embarcados,,tráfego pago,Campaign Negative Phrase
TQ | Pesquisa | Firmware e Embarcados,,seo,Campaign Negative Phrase
TQ | Pesquisa | Firmware e Embarcados,,social media,Campaign Negative Phrase
TQ | Pesquisa | Firmware e Embarcados,,erp,Campaign Negative Phrase
TQ | Pesquisa | Firmware e Embarcados,,sistema de vendas,Campaign Negative Phrase
TQ | Pesquisa | Firmware e Embarcados,,software contabil,Campaign Negative Phrase
TQ | Pesquisa | Firmware e Embarcados,,software contábil,Campaign Negative Phrase
TQ | Pesquisa | Firmware e Embarcados,,power bi,Campaign Negative Phrase
TQ | Pesquisa | Firmware e Embarcados,,excel,Campaign Negative Phrase
TQ | Pesquisa | Firmware e Embarcados,,consultoria empresarial,Campaign Negative Phrase
TQ | Pesquisa | Firmware e Embarcados,,consultoria financeira,Campaign Negative Phrase
TQ | Pesquisa | Firmware e Embarcados,,consultoria de rh,Campaign Negative Phrase
TQ | Pesquisa | Firmware e Embarcados,,consultoria de marketing,Campaign Negative Phrase
TQ | Pesquisa | Firmware e Embarcados,,consultoria contabil,Campaign Negative Phrase
TQ | Pesquisa | Firmware e Embarcados,,consultoria contábil,Campaign Negative Phrase
TQ | Pesquisa | Firmware e Embarcados,,freelancer,Campaign Negative Phrase
TQ | Pesquisa | Firmware e Embarcados,,freela,Campaign Negative Phrase
TQ | Pesquisa | Firmware e Embarcados,,autonomo,Campaign Negative Phrase
TQ | Pesquisa | Firmware e Embarcados,,autônomo,Campaign Negative Phrase
TQ | Pesquisa | Firmware e Embarcados,,profissional autonomo,Campaign Negative Phrase
TQ | Pesquisa | Firmware e Embarcados,,pessoa fisica,Campaign Negative Phrase
TQ | Pesquisa | Firmware e Embarcados,,pessoa física,Campaign Negative Phrase
TQ | Pesquisa | Firmware e Embarcados,,portugal,Campaign Negative Phrase
TQ | Pesquisa | Firmware e Embarcados,,angola,Campaign Negative Phrase
TQ | Pesquisa | Firmware e Embarcados,,moçambique,Campaign Negative Phrase
TQ | Pesquisa | Firmware e Embarcados,,mocambique,Campaign Negative Phrase
TQ | Pesquisa | Automação Industrial,,curso,Campaign Negative Phrase
TQ | Pesquisa | Automação Industrial,,cursos,Campaign Negative Phrase
TQ | Pesquisa | Automação Industrial,,aula,Campaign Negative Phrase
TQ | Pesquisa | Automação Industrial,,aulas,Campaign Negative Phrase
TQ | Pesquisa | Automação Industrial,,apostila,Campaign Negative Phrase
TQ | Pesquisa | Automação Industrial,,apostilas,Campaign Negative Phrase
TQ | Pesquisa | Automação Industrial,,tutorial,Campaign Negative Phrase
TQ | Pesquisa | Automação Industrial,,treinamento,Campaign Negative Phrase
TQ | Pesquisa | Automação Industrial,,capacitacao,Campaign Negative Phrase
TQ | Pesquisa | Automação Industrial,,capacitação,Campaign Negative Phrase
TQ | Pesquisa | Automação Industrial,,workshop,Campaign Negative Phrase
TQ | Pesquisa | Automação Industrial,,palestra,Campaign Negative Phrase
TQ | Pesquisa | Automação Industrial,,ebook,Campaign Negative Phrase
TQ | Pesquisa | Automação Industrial,,e-book,Campaign Negative Phrase
TQ | Pesquisa | Automação Industrial,,slide,Campaign Negative Phrase
TQ | Pesquisa | Automação Industrial,,slides,Campaign Negative Phrase
TQ | Pesquisa | Automação Industrial,,aprender,Campaign Negative Phrase
TQ | Pesquisa | Automação Industrial,,aprenda,Campaign Negative Phrase
TQ | Pesquisa | Automação Industrial,,estudar,Campaign Negative Phrase
TQ | Pesquisa | Automação Industrial,,exercicios,Campaign Negative Phrase
TQ | Pesquisa | Automação Industrial,,exercícios,Campaign Negative Phrase
TQ | Pesquisa | Automação Industrial,,simulado,Campaign Negative Phrase
TQ | Pesquisa | Automação Industrial,,resumo,Campaign Negative Phrase
TQ | Pesquisa | Automação Industrial,,artigo,Campaign Negative Phrase
TQ | Pesquisa | Automação Industrial,,artigos,Campaign Negative Phrase
TQ | Pesquisa | Automação Industrial,,tcc,Campaign Negative Phrase
TQ | Pesquisa | Automação Industrial,,monografia,Campaign Negative Phrase
TQ | Pesquisa | Automação Industrial,,dissertação,Campaign Negative Phrase
TQ | Pesquisa | Automação Industrial,,tese,Campaign Negative Phrase
TQ | Pesquisa | Automação Industrial,,mestrado,Campaign Negative Phrase
TQ | Pesquisa | Automação Industrial,,doutorado,Campaign Negative Phrase
TQ | Pesquisa | Automação Industrial,,graduação,Campaign Negative Phrase
TQ | Pesquisa | Automação Industrial,,pos graduação,Campaign Negative Phrase
TQ | Pesquisa | Automação Industrial,,pós graduação,Campaign Negative Phrase
TQ | Pesquisa | Automação Industrial,,faculdade,Campaign Negative Phrase
TQ | Pesquisa | Automação Industrial,,universidade,Campaign Negative Phrase
TQ | Pesquisa | Automação Industrial,,senai,Campaign Negative Phrase
TQ | Pesquisa | Automação Industrial,,senac,Campaign Negative Phrase
TQ | Pesquisa | Automação Industrial,,sesi,Campaign Negative Phrase
TQ | Pesquisa | Automação Industrial,,etec,Campaign Negative Phrase
TQ | Pesquisa | Automação Industrial,,fatec,Campaign Negative Phrase
TQ | Pesquisa | Automação Industrial,,ifsp,Campaign Negative Phrase
TQ | Pesquisa | Automação Industrial,,curso tecnico,Campaign Negative Phrase
TQ | Pesquisa | Automação Industrial,,curso técnico,Campaign Negative Phrase
TQ | Pesquisa | Automação Industrial,,tecnico em,Campaign Negative Phrase
TQ | Pesquisa | Automação Industrial,,técnico em,Campaign Negative Phrase
TQ | Pesquisa | Automação Industrial,,bolsa,Campaign Negative Phrase
TQ | Pesquisa | Automação Industrial,,matricula,Campaign Negative Phrase
TQ | Pesquisa | Automação Industrial,,matrícula,Campaign Negative Phrase
TQ | Pesquisa | Automação Industrial,,ead,Campaign Negative Phrase
TQ | Pesquisa | Automação Industrial,,certificado,Campaign Negative Phrase
TQ | Pesquisa | Automação Industrial,,certificação profissional,Campaign Negative Phrase
TQ | Pesquisa | Automação Industrial,,livro,Campaign Negative Phrase
TQ | Pesquisa | Automação Industrial,,material didatico,Campaign Negative Phrase
TQ | Pesquisa | Automação Industrial,,material didático,Campaign Negative Phrase
TQ | Pesquisa | Automação Industrial,,trabalho escolar,Campaign Negative Phrase
TQ | Pesquisa | Automação Industrial,,feira de ciencias,Campaign Negative Phrase
TQ | Pesquisa | Automação Industrial,,feira de ciências,Campaign Negative Phrase
TQ | Pesquisa | Automação Industrial,,projeto escolar,Campaign Negative Phrase
TQ | Pesquisa | Automação Industrial,,escolar,Campaign Negative Phrase
TQ | Pesquisa | Automação Industrial,,estudante,Campaign Negative Phrase
TQ | Pesquisa | Automação Industrial,,aluno,Campaign Negative Phrase
TQ | Pesquisa | Automação Industrial,,professor,Campaign Negative Phrase
TQ | Pesquisa | Automação Industrial,,sala de aula,Campaign Negative Phrase
TQ | Pesquisa | Automação Industrial,,emprego,Campaign Negative Phrase
TQ | Pesquisa | Automação Industrial,,empregos,Campaign Negative Phrase
TQ | Pesquisa | Automação Industrial,,vaga,Campaign Negative Phrase
TQ | Pesquisa | Automação Industrial,,vagas,Campaign Negative Phrase
TQ | Pesquisa | Automação Industrial,,salario,Campaign Negative Phrase
TQ | Pesquisa | Automação Industrial,,salário,Campaign Negative Phrase
TQ | Pesquisa | Automação Industrial,,quanto ganha,Campaign Negative Phrase
TQ | Pesquisa | Automação Industrial,,piso salarial,Campaign Negative Phrase
TQ | Pesquisa | Automação Industrial,,clt,Campaign Negative Phrase
TQ | Pesquisa | Automação Industrial,,estagio,Campaign Negative Phrase
TQ | Pesquisa | Automação Industrial,,estágio,Campaign Negative Phrase
TQ | Pesquisa | Automação Industrial,,estagiario,Campaign Negative Phrase
TQ | Pesquisa | Automação Industrial,,estagiário,Campaign Negative Phrase
TQ | Pesquisa | Automação Industrial,,trainee,Campaign Negative Phrase
TQ | Pesquisa | Automação Industrial,,curriculo,Campaign Negative Phrase
TQ | Pesquisa | Automação Industrial,,currículo,Campaign Negative Phrase
TQ | Pesquisa | Automação Industrial,,recrutamento,Campaign Negative Phrase
TQ | Pesquisa | Automação Industrial,,contrata-se,Campaign Negative Phrase
TQ | Pesquisa | Automação Industrial,,indeed,Campaign Negative Phrase
TQ | Pesquisa | Automação Industrial,,catho,Campaign Negative Phrase
TQ | Pesquisa | Automação Industrial,,gupy,Campaign Negative Phrase
TQ | Pesquisa | Automação Industrial,,infojobs,Campaign Negative Phrase
TQ | Pesquisa | Automação Industrial,,concurso,Campaign Negative Phrase
TQ | Pesquisa | Automação Industrial,,carreira,Campaign Negative Phrase
TQ | Pesquisa | Automação Industrial,,profissao,Campaign Negative Phrase
TQ | Pesquisa | Automação Industrial,,profissão,Campaign Negative Phrase
TQ | Pesquisa | Automação Industrial,,mercado de trabalho,Campaign Negative Phrase
TQ | Pesquisa | Automação Industrial,,arduino,Campaign Negative Phrase
TQ | Pesquisa | Automação Industrial,,raspberry,Campaign Negative Phrase
TQ | Pesquisa | Automação Industrial,,hobby,Campaign Negative Phrase
TQ | Pesquisa | Automação Industrial,,faça você mesmo,Campaign Negative Phrase
TQ | Pesquisa | Automação Industrial,,faca voce mesmo,Campaign Negative Phrase
TQ | Pesquisa | Automação Industrial,,diy,Campaign Negative Phrase
TQ | Pesquisa | Automação Industrial,,como fazer,Campaign Negative Phrase
TQ | Pesquisa | Automação Industrial,,como montar,Campaign Negative Phrase
TQ | Pesquisa | Automação Industrial,,como criar,Campaign Negative Phrase
TQ | Pesquisa | Automação Industrial,,passo a passo,Campaign Negative Phrase
TQ | Pesquisa | Automação Industrial,,iniciante,Campaign Negative Phrase
TQ | Pesquisa | Automação Industrial,,iniciantes,Campaign Negative Phrase
TQ | Pesquisa | Automação Industrial,,para iniciantes,Campaign Negative Phrase
TQ | Pesquisa | Automação Industrial,,caseiro,Campaign Negative Phrase
TQ | Pesquisa | Automação Industrial,,em casa,Campaign Negative Phrase
TQ | Pesquisa | Automação Industrial,,gambiarra,Campaign Negative Phrase
TQ | Pesquisa | Automação Industrial,,maker,Campaign Negative Phrase
TQ | Pesquisa | Automação Industrial,,tinkercad,Campaign Negative Phrase
TQ | Pesquisa | Automação Industrial,,fritzing,Campaign Negative Phrase
TQ | Pesquisa | Automação Industrial,,proteus,Campaign Negative Phrase
TQ | Pesquisa | Automação Industrial,,multisim,Campaign Negative Phrase
TQ | Pesquisa | Automação Industrial,,simulador,Campaign Negative Phrase
TQ | Pesquisa | Automação Industrial,,simulação online,Campaign Negative Phrase
TQ | Pesquisa | Automação Industrial,,download,Campaign Negative Phrase
TQ | Pesquisa | Automação Industrial,,baixar,Campaign Negative Phrase
TQ | Pesquisa | Automação Industrial,,gratis,Campaign Negative Phrase
TQ | Pesquisa | Automação Industrial,,grátis,Campaign Negative Phrase
TQ | Pesquisa | Automação Industrial,,gratuito,Campaign Negative Phrase
TQ | Pesquisa | Automação Industrial,,de graça,Campaign Negative Phrase
TQ | Pesquisa | Automação Industrial,,free,Campaign Negative Phrase
TQ | Pesquisa | Automação Industrial,,torrent,Campaign Negative Phrase
TQ | Pesquisa | Automação Industrial,,crack,Campaign Negative Phrase
TQ | Pesquisa | Automação Industrial,,pdf,Campaign Negative Phrase
TQ | Pesquisa | Automação Industrial,,ppt,Campaign Negative Phrase
TQ | Pesquisa | Automação Industrial,,planilha,Campaign Negative Phrase
TQ | Pesquisa | Automação Industrial,,template,Campaign Negative Phrase
TQ | Pesquisa | Automação Industrial,,modelo pronto,Campaign Negative Phrase
TQ | Pesquisa | Automação Industrial,,o que é,Campaign Negative Phrase
TQ | Pesquisa | Automação Industrial,,o que sao,Campaign Negative Phrase
TQ | Pesquisa | Automação Industrial,,o que são,Campaign Negative Phrase
TQ | Pesquisa | Automação Industrial,,significado,Campaign Negative Phrase
TQ | Pesquisa | Automação Industrial,,conceito,Campaign Negative Phrase
TQ | Pesquisa | Automação Industrial,,definição,Campaign Negative Phrase
TQ | Pesquisa | Automação Industrial,,para que serve,Campaign Negative Phrase
TQ | Pesquisa | Automação Industrial,,tipos de,Campaign Negative Phrase
TQ | Pesquisa | Automação Industrial,,exemplos de,Campaign Negative Phrase
TQ | Pesquisa | Automação Industrial,,exemplo de,Campaign Negative Phrase
TQ | Pesquisa | Automação Industrial,,historia,Campaign Negative Phrase
TQ | Pesquisa | Automação Industrial,,história,Campaign Negative Phrase
TQ | Pesquisa | Automação Industrial,,wikipedia,Campaign Negative Phrase
TQ | Pesquisa | Automação Industrial,,quais sao,Campaign Negative Phrase
TQ | Pesquisa | Automação Industrial,,quais são,Campaign Negative Phrase
TQ | Pesquisa | Automação Industrial,,como funciona,Campaign Negative Phrase
TQ | Pesquisa | Automação Industrial,,vantagens e desvantagens,Campaign Negative Phrase
TQ | Pesquisa | Automação Industrial,,caracteristicas,Campaign Negative Phrase
TQ | Pesquisa | Automação Industrial,,características,Campaign Negative Phrase
TQ | Pesquisa | Automação Industrial,,pilares,Campaign Negative Phrase
TQ | Pesquisa | Automação Industrial,,diferença entre,Campaign Negative Phrase
TQ | Pesquisa | Automação Industrial,,resumo sobre,Campaign Negative Phrase
TQ | Pesquisa | Automação Industrial,,introdução,Campaign Negative Phrase
TQ | Pesquisa | Automação Industrial,,comprar,Campaign Negative Phrase
TQ | Pesquisa | Automação Industrial,,venda de,Campaign Negative Phrase
TQ | Pesquisa | Automação Industrial,,loja,Campaign Negative Phrase
TQ | Pesquisa | Automação Industrial,,lojas,Campaign Negative Phrase
TQ | Pesquisa | Automação Industrial,,mercado livre,Campaign Negative Phrase
TQ | Pesquisa | Automação Industrial,,olx,Campaign Negative Phrase
TQ | Pesquisa | Automação Industrial,,shopee,Campaign Negative Phrase
TQ | Pesquisa | Automação Industrial,,aliexpress,Campaign Negative Phrase
TQ | Pesquisa | Automação Industrial,,amazon,Campaign Negative Phrase
TQ | Pesquisa | Automação Industrial,,usado,Campaign Negative Phrase
TQ | Pesquisa | Automação Industrial,,seminovo,Campaign Negative Phrase
TQ | Pesquisa | Automação Industrial,,revenda,Campaign Negative Phrase
TQ | Pesquisa | Automação Industrial,,atacado,Campaign Negative Phrase
TQ | Pesquisa | Automação Industrial,,distribuidor,Campaign Negative Phrase
TQ | Pesquisa | Automação Industrial,,fornecedor de componentes,Campaign Negative Phrase
TQ | Pesquisa | Automação Industrial,,componentes eletronicos preço,Campaign Negative Phrase
TQ | Pesquisa | Automação Industrial,,kit,Campaign Negative Phrase
TQ | Pesquisa | Automação Industrial,,datasheet,Campaign Negative Phrase
TQ | Pesquisa | Automação Industrial,,esquema eletrico,Campaign Negative Phrase
TQ | Pesquisa | Automação Industrial,,esquema elétrico,Campaign Negative Phrase
TQ | Pesquisa | Automação Industrial,,manual de instruções,Campaign Negative Phrase
TQ | Pesquisa | Automação Industrial,,pinagem,Campaign Negative Phrase
TQ | Pesquisa | Automação Industrial,,catalogo,Campaign Negative Phrase
TQ | Pesquisa | Automação Industrial,,catálogo,Campaign Negative Phrase
TQ | Pesquisa | Automação Industrial,,conserto,Campaign Negative Phrase
TQ | Pesquisa | Automação Industrial,,consertar,Campaign Negative Phrase
TQ | Pesquisa | Automação Industrial,,assistencia tecnica,Campaign Negative Phrase
TQ | Pesquisa | Automação Industrial,,assistência técnica,Campaign Negative Phrase
TQ | Pesquisa | Automação Industrial,,manutencao de celular,Campaign Negative Phrase
TQ | Pesquisa | Automação Industrial,,manutenção de celular,Campaign Negative Phrase
TQ | Pesquisa | Automação Industrial,,conserto de celular,Campaign Negative Phrase
TQ | Pesquisa | Automação Industrial,,conserto de notebook,Campaign Negative Phrase
TQ | Pesquisa | Automação Industrial,,conserto de computador,Campaign Negative Phrase
TQ | Pesquisa | Automação Industrial,,conserto de tv,Campaign Negative Phrase
TQ | Pesquisa | Automação Industrial,,conserto de geladeira,Campaign Negative Phrase
TQ | Pesquisa | Automação Industrial,,maquina de lavar,Campaign Negative Phrase
TQ | Pesquisa | Automação Industrial,,máquina de lavar,Campaign Negative Phrase
TQ | Pesquisa | Automação Industrial,,ar condicionado,Campaign Negative Phrase
TQ | Pesquisa | Automação Industrial,,elevador,Campaign Negative Phrase
TQ | Pesquisa | Automação Industrial,,eletrodomestico,Campaign Negative Phrase
TQ | Pesquisa | Automação Industrial,,eletrodoméstico,Campaign Negative Phrase
TQ | Pesquisa | Automação Industrial,,residencial,Campaign Negative Phrase
TQ | Pesquisa | Automação Industrial,,domestica,Campaign Negative Phrase
TQ | Pesquisa | Automação Industrial,,doméstica,Campaign Negative Phrase
TQ | Pesquisa | Automação Industrial,,domotica,Campaign Negative Phrase
TQ | Pesquisa | Automação Industrial,,domótica,Campaign Negative Phrase
TQ | Pesquisa | Automação Industrial,,automação residencial,Campaign Negative Phrase
TQ | Pesquisa | Automação Industrial,,casa inteligente,Campaign Negative Phrase
TQ | Pesquisa | Automação Industrial,,portão eletrônico,Campaign Negative Phrase
TQ | Pesquisa | Automação Industrial,,portao eletronico,Campaign Negative Phrase
TQ | Pesquisa | Automação Industrial,,cerca eletrica,Campaign Negative Phrase
TQ | Pesquisa | Automação Industrial,,cerca elétrica,Campaign Negative Phrase
TQ | Pesquisa | Automação Industrial,,cftv,Campaign Negative Phrase
TQ | Pesquisa | Automação Industrial,,camera de seguranca,Campaign Negative Phrase
TQ | Pesquisa | Automação Industrial,,câmera de segurança,Campaign Negative Phrase
TQ | Pesquisa | Automação Industrial,,alarme residencial,Campaign Negative Phrase
TQ | Pesquisa | Automação Industrial,,interfone,Campaign Negative Phrase
TQ | Pesquisa | Automação Industrial,,instalação elétrica,Campaign Negative Phrase
TQ | Pesquisa | Automação Industrial,,eletricista,Campaign Negative Phrase
TQ | Pesquisa | Automação Industrial,,energia solar residencial,Campaign Negative Phrase
TQ | Pesquisa | Automação Industrial,,instalação de painel solar,Campaign Negative Phrase
TQ | Pesquisa | Automação Industrial,,placa solar preço,Campaign Negative Phrase
TQ | Pesquisa | Automação Industrial,,criação de site,Campaign Negative Phrase
TQ | Pesquisa | Automação Industrial,,criacao de site,Campaign Negative Phrase
TQ | Pesquisa | Automação Industrial,,loja virtual,Campaign Negative Phrase
TQ | Pesquisa | Automação Industrial,,e-commerce,Campaign Negative Phrase
TQ | Pesquisa | Automação Industrial,,aplicativo de delivery,Campaign Negative Phrase
TQ | Pesquisa | Automação Industrial,,jogo,Campaign Negative Phrase
TQ | Pesquisa | Automação Industrial,,game,Campaign Negative Phrase
TQ | Pesquisa | Automação Industrial,,marketing digital,Campaign Negative Phrase
TQ | Pesquisa | Automação Industrial,,trafego pago,Campaign Negative Phrase
TQ | Pesquisa | Automação Industrial,,tráfego pago,Campaign Negative Phrase
TQ | Pesquisa | Automação Industrial,,seo,Campaign Negative Phrase
TQ | Pesquisa | Automação Industrial,,social media,Campaign Negative Phrase
TQ | Pesquisa | Automação Industrial,,erp,Campaign Negative Phrase
TQ | Pesquisa | Automação Industrial,,sistema de vendas,Campaign Negative Phrase
TQ | Pesquisa | Automação Industrial,,software contabil,Campaign Negative Phrase
TQ | Pesquisa | Automação Industrial,,software contábil,Campaign Negative Phrase
TQ | Pesquisa | Automação Industrial,,power bi,Campaign Negative Phrase
TQ | Pesquisa | Automação Industrial,,excel,Campaign Negative Phrase
TQ | Pesquisa | Automação Industrial,,consultoria empresarial,Campaign Negative Phrase
TQ | Pesquisa | Automação Industrial,,consultoria financeira,Campaign Negative Phrase
TQ | Pesquisa | Automação Industrial,,consultoria de rh,Campaign Negative Phrase
TQ | Pesquisa | Automação Industrial,,consultoria de marketing,Campaign Negative Phrase
TQ | Pesquisa | Automação Industrial,,consultoria contabil,Campaign Negative Phrase
TQ | Pesquisa | Automação Industrial,,consultoria contábil,Campaign Negative Phrase
TQ | Pesquisa | Automação Industrial,,freelancer,Campaign Negative Phrase
TQ | Pesquisa | Automação Industrial,,freela,Campaign Negative Phrase
TQ | Pesquisa | Automação Industrial,,autonomo,Campaign Negative Phrase
TQ | Pesquisa | Automação Industrial,,autônomo,Campaign Negative Phrase
TQ | Pesquisa | Automação Industrial,,profissional autonomo,Campaign Negative Phrase
TQ | Pesquisa | Automação Industrial,,pessoa fisica,Campaign Negative Phrase
TQ | Pesquisa | Automação Industrial,,pessoa física,Campaign Negative Phrase
TQ | Pesquisa | Automação Industrial,,portugal,Campaign Negative Phrase
TQ | Pesquisa | Automação Industrial,,angola,Campaign Negative Phrase
TQ | Pesquisa | Automação Industrial,,moçambique,Campaign Negative Phrase
TQ | Pesquisa | Automação Industrial,,mocambique,Campaign Negative Phrase
TQ | Pesquisa | IoT e Monitoramento,,curso,Campaign Negative Phrase
TQ | Pesquisa | IoT e Monitoramento,,cursos,Campaign Negative Phrase
TQ | Pesquisa | IoT e Monitoramento,,aula,Campaign Negative Phrase
TQ | Pesquisa | IoT e Monitoramento,,aulas,Campaign Negative Phrase
TQ | Pesquisa | IoT e Monitoramento,,apostila,Campaign Negative Phrase
TQ | Pesquisa | IoT e Monitoramento,,apostilas,Campaign Negative Phrase
TQ | Pesquisa | IoT e Monitoramento,,tutorial,Campaign Negative Phrase
TQ | Pesquisa | IoT e Monitoramento,,treinamento,Campaign Negative Phrase
TQ | Pesquisa | IoT e Monitoramento,,capacitacao,Campaign Negative Phrase
TQ | Pesquisa | IoT e Monitoramento,,capacitação,Campaign Negative Phrase
TQ | Pesquisa | IoT e Monitoramento,,workshop,Campaign Negative Phrase
TQ | Pesquisa | IoT e Monitoramento,,palestra,Campaign Negative Phrase
TQ | Pesquisa | IoT e Monitoramento,,ebook,Campaign Negative Phrase
TQ | Pesquisa | IoT e Monitoramento,,e-book,Campaign Negative Phrase
TQ | Pesquisa | IoT e Monitoramento,,slide,Campaign Negative Phrase
TQ | Pesquisa | IoT e Monitoramento,,slides,Campaign Negative Phrase
TQ | Pesquisa | IoT e Monitoramento,,aprender,Campaign Negative Phrase
TQ | Pesquisa | IoT e Monitoramento,,aprenda,Campaign Negative Phrase
TQ | Pesquisa | IoT e Monitoramento,,estudar,Campaign Negative Phrase
TQ | Pesquisa | IoT e Monitoramento,,exercicios,Campaign Negative Phrase
TQ | Pesquisa | IoT e Monitoramento,,exercícios,Campaign Negative Phrase
TQ | Pesquisa | IoT e Monitoramento,,simulado,Campaign Negative Phrase
TQ | Pesquisa | IoT e Monitoramento,,resumo,Campaign Negative Phrase
TQ | Pesquisa | IoT e Monitoramento,,artigo,Campaign Negative Phrase
TQ | Pesquisa | IoT e Monitoramento,,artigos,Campaign Negative Phrase
TQ | Pesquisa | IoT e Monitoramento,,tcc,Campaign Negative Phrase
TQ | Pesquisa | IoT e Monitoramento,,monografia,Campaign Negative Phrase
TQ | Pesquisa | IoT e Monitoramento,,dissertação,Campaign Negative Phrase
TQ | Pesquisa | IoT e Monitoramento,,tese,Campaign Negative Phrase
TQ | Pesquisa | IoT e Monitoramento,,mestrado,Campaign Negative Phrase
TQ | Pesquisa | IoT e Monitoramento,,doutorado,Campaign Negative Phrase
TQ | Pesquisa | IoT e Monitoramento,,graduação,Campaign Negative Phrase
TQ | Pesquisa | IoT e Monitoramento,,pos graduação,Campaign Negative Phrase
TQ | Pesquisa | IoT e Monitoramento,,pós graduação,Campaign Negative Phrase
TQ | Pesquisa | IoT e Monitoramento,,faculdade,Campaign Negative Phrase
TQ | Pesquisa | IoT e Monitoramento,,universidade,Campaign Negative Phrase
TQ | Pesquisa | IoT e Monitoramento,,senai,Campaign Negative Phrase
TQ | Pesquisa | IoT e Monitoramento,,senac,Campaign Negative Phrase
TQ | Pesquisa | IoT e Monitoramento,,sesi,Campaign Negative Phrase
TQ | Pesquisa | IoT e Monitoramento,,etec,Campaign Negative Phrase
TQ | Pesquisa | IoT e Monitoramento,,fatec,Campaign Negative Phrase
TQ | Pesquisa | IoT e Monitoramento,,ifsp,Campaign Negative Phrase
TQ | Pesquisa | IoT e Monitoramento,,curso tecnico,Campaign Negative Phrase
TQ | Pesquisa | IoT e Monitoramento,,curso técnico,Campaign Negative Phrase
TQ | Pesquisa | IoT e Monitoramento,,tecnico em,Campaign Negative Phrase
TQ | Pesquisa | IoT e Monitoramento,,técnico em,Campaign Negative Phrase
TQ | Pesquisa | IoT e Monitoramento,,bolsa,Campaign Negative Phrase
TQ | Pesquisa | IoT e Monitoramento,,matricula,Campaign Negative Phrase
TQ | Pesquisa | IoT e Monitoramento,,matrícula,Campaign Negative Phrase
TQ | Pesquisa | IoT e Monitoramento,,ead,Campaign Negative Phrase
TQ | Pesquisa | IoT e Monitoramento,,certificado,Campaign Negative Phrase
TQ | Pesquisa | IoT e Monitoramento,,certificação profissional,Campaign Negative Phrase
TQ | Pesquisa | IoT e Monitoramento,,livro,Campaign Negative Phrase
TQ | Pesquisa | IoT e Monitoramento,,material didatico,Campaign Negative Phrase
TQ | Pesquisa | IoT e Monitoramento,,material didático,Campaign Negative Phrase
TQ | Pesquisa | IoT e Monitoramento,,trabalho escolar,Campaign Negative Phrase
TQ | Pesquisa | IoT e Monitoramento,,feira de ciencias,Campaign Negative Phrase
TQ | Pesquisa | IoT e Monitoramento,,feira de ciências,Campaign Negative Phrase
TQ | Pesquisa | IoT e Monitoramento,,projeto escolar,Campaign Negative Phrase
TQ | Pesquisa | IoT e Monitoramento,,escolar,Campaign Negative Phrase
TQ | Pesquisa | IoT e Monitoramento,,estudante,Campaign Negative Phrase
TQ | Pesquisa | IoT e Monitoramento,,aluno,Campaign Negative Phrase
TQ | Pesquisa | IoT e Monitoramento,,professor,Campaign Negative Phrase
TQ | Pesquisa | IoT e Monitoramento,,sala de aula,Campaign Negative Phrase
TQ | Pesquisa | IoT e Monitoramento,,emprego,Campaign Negative Phrase
TQ | Pesquisa | IoT e Monitoramento,,empregos,Campaign Negative Phrase
TQ | Pesquisa | IoT e Monitoramento,,vaga,Campaign Negative Phrase
TQ | Pesquisa | IoT e Monitoramento,,vagas,Campaign Negative Phrase
TQ | Pesquisa | IoT e Monitoramento,,salario,Campaign Negative Phrase
TQ | Pesquisa | IoT e Monitoramento,,salário,Campaign Negative Phrase
TQ | Pesquisa | IoT e Monitoramento,,quanto ganha,Campaign Negative Phrase
TQ | Pesquisa | IoT e Monitoramento,,piso salarial,Campaign Negative Phrase
TQ | Pesquisa | IoT e Monitoramento,,clt,Campaign Negative Phrase
TQ | Pesquisa | IoT e Monitoramento,,estagio,Campaign Negative Phrase
TQ | Pesquisa | IoT e Monitoramento,,estágio,Campaign Negative Phrase
TQ | Pesquisa | IoT e Monitoramento,,estagiario,Campaign Negative Phrase
TQ | Pesquisa | IoT e Monitoramento,,estagiário,Campaign Negative Phrase
TQ | Pesquisa | IoT e Monitoramento,,trainee,Campaign Negative Phrase
TQ | Pesquisa | IoT e Monitoramento,,curriculo,Campaign Negative Phrase
TQ | Pesquisa | IoT e Monitoramento,,currículo,Campaign Negative Phrase
TQ | Pesquisa | IoT e Monitoramento,,recrutamento,Campaign Negative Phrase
TQ | Pesquisa | IoT e Monitoramento,,contrata-se,Campaign Negative Phrase
TQ | Pesquisa | IoT e Monitoramento,,indeed,Campaign Negative Phrase
TQ | Pesquisa | IoT e Monitoramento,,catho,Campaign Negative Phrase
TQ | Pesquisa | IoT e Monitoramento,,gupy,Campaign Negative Phrase
TQ | Pesquisa | IoT e Monitoramento,,infojobs,Campaign Negative Phrase
TQ | Pesquisa | IoT e Monitoramento,,concurso,Campaign Negative Phrase
TQ | Pesquisa | IoT e Monitoramento,,carreira,Campaign Negative Phrase
TQ | Pesquisa | IoT e Monitoramento,,profissao,Campaign Negative Phrase
TQ | Pesquisa | IoT e Monitoramento,,profissão,Campaign Negative Phrase
TQ | Pesquisa | IoT e Monitoramento,,mercado de trabalho,Campaign Negative Phrase
TQ | Pesquisa | IoT e Monitoramento,,arduino,Campaign Negative Phrase
TQ | Pesquisa | IoT e Monitoramento,,raspberry,Campaign Negative Phrase
TQ | Pesquisa | IoT e Monitoramento,,hobby,Campaign Negative Phrase
TQ | Pesquisa | IoT e Monitoramento,,faça você mesmo,Campaign Negative Phrase
TQ | Pesquisa | IoT e Monitoramento,,faca voce mesmo,Campaign Negative Phrase
TQ | Pesquisa | IoT e Monitoramento,,diy,Campaign Negative Phrase
TQ | Pesquisa | IoT e Monitoramento,,como fazer,Campaign Negative Phrase
TQ | Pesquisa | IoT e Monitoramento,,como montar,Campaign Negative Phrase
TQ | Pesquisa | IoT e Monitoramento,,como criar,Campaign Negative Phrase
TQ | Pesquisa | IoT e Monitoramento,,passo a passo,Campaign Negative Phrase
TQ | Pesquisa | IoT e Monitoramento,,iniciante,Campaign Negative Phrase
TQ | Pesquisa | IoT e Monitoramento,,iniciantes,Campaign Negative Phrase
TQ | Pesquisa | IoT e Monitoramento,,para iniciantes,Campaign Negative Phrase
TQ | Pesquisa | IoT e Monitoramento,,caseiro,Campaign Negative Phrase
TQ | Pesquisa | IoT e Monitoramento,,em casa,Campaign Negative Phrase
TQ | Pesquisa | IoT e Monitoramento,,gambiarra,Campaign Negative Phrase
TQ | Pesquisa | IoT e Monitoramento,,maker,Campaign Negative Phrase
TQ | Pesquisa | IoT e Monitoramento,,tinkercad,Campaign Negative Phrase
TQ | Pesquisa | IoT e Monitoramento,,fritzing,Campaign Negative Phrase
TQ | Pesquisa | IoT e Monitoramento,,proteus,Campaign Negative Phrase
TQ | Pesquisa | IoT e Monitoramento,,multisim,Campaign Negative Phrase
TQ | Pesquisa | IoT e Monitoramento,,simulador,Campaign Negative Phrase
TQ | Pesquisa | IoT e Monitoramento,,simulação online,Campaign Negative Phrase
TQ | Pesquisa | IoT e Monitoramento,,download,Campaign Negative Phrase
TQ | Pesquisa | IoT e Monitoramento,,baixar,Campaign Negative Phrase
TQ | Pesquisa | IoT e Monitoramento,,gratis,Campaign Negative Phrase
TQ | Pesquisa | IoT e Monitoramento,,grátis,Campaign Negative Phrase
TQ | Pesquisa | IoT e Monitoramento,,gratuito,Campaign Negative Phrase
TQ | Pesquisa | IoT e Monitoramento,,de graça,Campaign Negative Phrase
TQ | Pesquisa | IoT e Monitoramento,,free,Campaign Negative Phrase
TQ | Pesquisa | IoT e Monitoramento,,torrent,Campaign Negative Phrase
TQ | Pesquisa | IoT e Monitoramento,,crack,Campaign Negative Phrase
TQ | Pesquisa | IoT e Monitoramento,,pdf,Campaign Negative Phrase
TQ | Pesquisa | IoT e Monitoramento,,ppt,Campaign Negative Phrase
TQ | Pesquisa | IoT e Monitoramento,,planilha,Campaign Negative Phrase
TQ | Pesquisa | IoT e Monitoramento,,template,Campaign Negative Phrase
TQ | Pesquisa | IoT e Monitoramento,,modelo pronto,Campaign Negative Phrase
TQ | Pesquisa | IoT e Monitoramento,,o que é,Campaign Negative Phrase
TQ | Pesquisa | IoT e Monitoramento,,o que sao,Campaign Negative Phrase
TQ | Pesquisa | IoT e Monitoramento,,o que são,Campaign Negative Phrase
TQ | Pesquisa | IoT e Monitoramento,,significado,Campaign Negative Phrase
TQ | Pesquisa | IoT e Monitoramento,,conceito,Campaign Negative Phrase
TQ | Pesquisa | IoT e Monitoramento,,definição,Campaign Negative Phrase
TQ | Pesquisa | IoT e Monitoramento,,para que serve,Campaign Negative Phrase
TQ | Pesquisa | IoT e Monitoramento,,tipos de,Campaign Negative Phrase
TQ | Pesquisa | IoT e Monitoramento,,exemplos de,Campaign Negative Phrase
TQ | Pesquisa | IoT e Monitoramento,,exemplo de,Campaign Negative Phrase
TQ | Pesquisa | IoT e Monitoramento,,historia,Campaign Negative Phrase
TQ | Pesquisa | IoT e Monitoramento,,história,Campaign Negative Phrase
TQ | Pesquisa | IoT e Monitoramento,,wikipedia,Campaign Negative Phrase
TQ | Pesquisa | IoT e Monitoramento,,quais sao,Campaign Negative Phrase
TQ | Pesquisa | IoT e Monitoramento,,quais são,Campaign Negative Phrase
TQ | Pesquisa | IoT e Monitoramento,,como funciona,Campaign Negative Phrase
TQ | Pesquisa | IoT e Monitoramento,,vantagens e desvantagens,Campaign Negative Phrase
TQ | Pesquisa | IoT e Monitoramento,,caracteristicas,Campaign Negative Phrase
TQ | Pesquisa | IoT e Monitoramento,,características,Campaign Negative Phrase
TQ | Pesquisa | IoT e Monitoramento,,pilares,Campaign Negative Phrase
TQ | Pesquisa | IoT e Monitoramento,,diferença entre,Campaign Negative Phrase
TQ | Pesquisa | IoT e Monitoramento,,resumo sobre,Campaign Negative Phrase
TQ | Pesquisa | IoT e Monitoramento,,introdução,Campaign Negative Phrase
TQ | Pesquisa | IoT e Monitoramento,,comprar,Campaign Negative Phrase
TQ | Pesquisa | IoT e Monitoramento,,venda de,Campaign Negative Phrase
TQ | Pesquisa | IoT e Monitoramento,,loja,Campaign Negative Phrase
TQ | Pesquisa | IoT e Monitoramento,,lojas,Campaign Negative Phrase
TQ | Pesquisa | IoT e Monitoramento,,mercado livre,Campaign Negative Phrase
TQ | Pesquisa | IoT e Monitoramento,,olx,Campaign Negative Phrase
TQ | Pesquisa | IoT e Monitoramento,,shopee,Campaign Negative Phrase
TQ | Pesquisa | IoT e Monitoramento,,aliexpress,Campaign Negative Phrase
TQ | Pesquisa | IoT e Monitoramento,,amazon,Campaign Negative Phrase
TQ | Pesquisa | IoT e Monitoramento,,usado,Campaign Negative Phrase
TQ | Pesquisa | IoT e Monitoramento,,seminovo,Campaign Negative Phrase
TQ | Pesquisa | IoT e Monitoramento,,revenda,Campaign Negative Phrase
TQ | Pesquisa | IoT e Monitoramento,,atacado,Campaign Negative Phrase
TQ | Pesquisa | IoT e Monitoramento,,distribuidor,Campaign Negative Phrase
TQ | Pesquisa | IoT e Monitoramento,,fornecedor de componentes,Campaign Negative Phrase
TQ | Pesquisa | IoT e Monitoramento,,componentes eletronicos preço,Campaign Negative Phrase
TQ | Pesquisa | IoT e Monitoramento,,kit,Campaign Negative Phrase
TQ | Pesquisa | IoT e Monitoramento,,datasheet,Campaign Negative Phrase
TQ | Pesquisa | IoT e Monitoramento,,esquema eletrico,Campaign Negative Phrase
TQ | Pesquisa | IoT e Monitoramento,,esquema elétrico,Campaign Negative Phrase
TQ | Pesquisa | IoT e Monitoramento,,manual de instruções,Campaign Negative Phrase
TQ | Pesquisa | IoT e Monitoramento,,pinagem,Campaign Negative Phrase
TQ | Pesquisa | IoT e Monitoramento,,catalogo,Campaign Negative Phrase
TQ | Pesquisa | IoT e Monitoramento,,catálogo,Campaign Negative Phrase
TQ | Pesquisa | IoT e Monitoramento,,conserto,Campaign Negative Phrase
TQ | Pesquisa | IoT e Monitoramento,,consertar,Campaign Negative Phrase
TQ | Pesquisa | IoT e Monitoramento,,assistencia tecnica,Campaign Negative Phrase
TQ | Pesquisa | IoT e Monitoramento,,assistência técnica,Campaign Negative Phrase
TQ | Pesquisa | IoT e Monitoramento,,manutencao de celular,Campaign Negative Phrase
TQ | Pesquisa | IoT e Monitoramento,,manutenção de celular,Campaign Negative Phrase
TQ | Pesquisa | IoT e Monitoramento,,conserto de celular,Campaign Negative Phrase
TQ | Pesquisa | IoT e Monitoramento,,conserto de notebook,Campaign Negative Phrase
TQ | Pesquisa | IoT e Monitoramento,,conserto de computador,Campaign Negative Phrase
TQ | Pesquisa | IoT e Monitoramento,,conserto de tv,Campaign Negative Phrase
TQ | Pesquisa | IoT e Monitoramento,,conserto de geladeira,Campaign Negative Phrase
TQ | Pesquisa | IoT e Monitoramento,,maquina de lavar,Campaign Negative Phrase
TQ | Pesquisa | IoT e Monitoramento,,máquina de lavar,Campaign Negative Phrase
TQ | Pesquisa | IoT e Monitoramento,,ar condicionado,Campaign Negative Phrase
TQ | Pesquisa | IoT e Monitoramento,,elevador,Campaign Negative Phrase
TQ | Pesquisa | IoT e Monitoramento,,eletrodomestico,Campaign Negative Phrase
TQ | Pesquisa | IoT e Monitoramento,,eletrodoméstico,Campaign Negative Phrase
TQ | Pesquisa | IoT e Monitoramento,,residencial,Campaign Negative Phrase
TQ | Pesquisa | IoT e Monitoramento,,domestica,Campaign Negative Phrase
TQ | Pesquisa | IoT e Monitoramento,,doméstica,Campaign Negative Phrase
TQ | Pesquisa | IoT e Monitoramento,,domotica,Campaign Negative Phrase
TQ | Pesquisa | IoT e Monitoramento,,domótica,Campaign Negative Phrase
TQ | Pesquisa | IoT e Monitoramento,,automação residencial,Campaign Negative Phrase
TQ | Pesquisa | IoT e Monitoramento,,casa inteligente,Campaign Negative Phrase
TQ | Pesquisa | IoT e Monitoramento,,portão eletrônico,Campaign Negative Phrase
TQ | Pesquisa | IoT e Monitoramento,,portao eletronico,Campaign Negative Phrase
TQ | Pesquisa | IoT e Monitoramento,,cerca eletrica,Campaign Negative Phrase
TQ | Pesquisa | IoT e Monitoramento,,cerca elétrica,Campaign Negative Phrase
TQ | Pesquisa | IoT e Monitoramento,,cftv,Campaign Negative Phrase
TQ | Pesquisa | IoT e Monitoramento,,camera de seguranca,Campaign Negative Phrase
TQ | Pesquisa | IoT e Monitoramento,,câmera de segurança,Campaign Negative Phrase
TQ | Pesquisa | IoT e Monitoramento,,alarme residencial,Campaign Negative Phrase
TQ | Pesquisa | IoT e Monitoramento,,interfone,Campaign Negative Phrase
TQ | Pesquisa | IoT e Monitoramento,,instalação elétrica,Campaign Negative Phrase
TQ | Pesquisa | IoT e Monitoramento,,eletricista,Campaign Negative Phrase
TQ | Pesquisa | IoT e Monitoramento,,energia solar residencial,Campaign Negative Phrase
TQ | Pesquisa | IoT e Monitoramento,,instalação de painel solar,Campaign Negative Phrase
TQ | Pesquisa | IoT e Monitoramento,,placa solar preço,Campaign Negative Phrase
TQ | Pesquisa | IoT e Monitoramento,,criação de site,Campaign Negative Phrase
TQ | Pesquisa | IoT e Monitoramento,,criacao de site,Campaign Negative Phrase
TQ | Pesquisa | IoT e Monitoramento,,loja virtual,Campaign Negative Phrase
TQ | Pesquisa | IoT e Monitoramento,,e-commerce,Campaign Negative Phrase
TQ | Pesquisa | IoT e Monitoramento,,aplicativo de delivery,Campaign Negative Phrase
TQ | Pesquisa | IoT e Monitoramento,,jogo,Campaign Negative Phrase
TQ | Pesquisa | IoT e Monitoramento,,game,Campaign Negative Phrase
TQ | Pesquisa | IoT e Monitoramento,,marketing digital,Campaign Negative Phrase
TQ | Pesquisa | IoT e Monitoramento,,trafego pago,Campaign Negative Phrase
TQ | Pesquisa | IoT e Monitoramento,,tráfego pago,Campaign Negative Phrase
TQ | Pesquisa | IoT e Monitoramento,,seo,Campaign Negative Phrase
TQ | Pesquisa | IoT e Monitoramento,,social media,Campaign Negative Phrase
TQ | Pesquisa | IoT e Monitoramento,,erp,Campaign Negative Phrase
TQ | Pesquisa | IoT e Monitoramento,,sistema de vendas,Campaign Negative Phrase
TQ | Pesquisa | IoT e Monitoramento,,software contabil,Campaign Negative Phrase
TQ | Pesquisa | IoT e Monitoramento,,software contábil,Campaign Negative Phrase
TQ | Pesquisa | IoT e Monitoramento,,power bi,Campaign Negative Phrase
TQ | Pesquisa | IoT e Monitoramento,,excel,Campaign Negative Phrase
TQ | Pesquisa | IoT e Monitoramento,,consultoria empresarial,Campaign Negative Phrase
TQ | Pesquisa | IoT e Monitoramento,,consultoria financeira,Campaign Negative Phrase
TQ | Pesquisa | IoT e Monitoramento,,consultoria de rh,Campaign Negative Phrase
TQ | Pesquisa | IoT e Monitoramento,,consultoria de marketing,Campaign Negative Phrase
TQ | Pesquisa | IoT e Monitoramento,,consultoria contabil,Campaign Negative Phrase
TQ | Pesquisa | IoT e Monitoramento,,consultoria contábil,Campaign Negative Phrase
TQ | Pesquisa | IoT e Monitoramento,,freelancer,Campaign Negative Phrase
TQ | Pesquisa | IoT e Monitoramento,,freela,Campaign Negative Phrase
TQ | Pesquisa | IoT e Monitoramento,,autonomo,Campaign Negative Phrase
TQ | Pesquisa | IoT e Monitoramento,,autônomo,Campaign Negative Phrase
TQ | Pesquisa | IoT e Monitoramento,,profissional autonomo,Campaign Negative Phrase
TQ | Pesquisa | IoT e Monitoramento,,pessoa fisica,Campaign Negative Phrase
TQ | Pesquisa | IoT e Monitoramento,,pessoa física,Campaign Negative Phrase
TQ | Pesquisa | IoT e Monitoramento,,portugal,Campaign Negative Phrase
TQ | Pesquisa | IoT e Monitoramento,,angola,Campaign Negative Phrase
TQ | Pesquisa | IoT e Monitoramento,,moçambique,Campaign Negative Phrase
TQ | Pesquisa | IoT e Monitoramento,,mocambique,Campaign Negative Phrase
TQ | Pesquisa | Software Apps e Dashboards,,curso,Campaign Negative Phrase
TQ | Pesquisa | Software Apps e Dashboards,,cursos,Campaign Negative Phrase
TQ | Pesquisa | Software Apps e Dashboards,,aula,Campaign Negative Phrase
TQ | Pesquisa | Software Apps e Dashboards,,aulas,Campaign Negative Phrase
TQ | Pesquisa | Software Apps e Dashboards,,apostila,Campaign Negative Phrase
TQ | Pesquisa | Software Apps e Dashboards,,apostilas,Campaign Negative Phrase
TQ | Pesquisa | Software Apps e Dashboards,,tutorial,Campaign Negative Phrase
TQ | Pesquisa | Software Apps e Dashboards,,treinamento,Campaign Negative Phrase
TQ | Pesquisa | Software Apps e Dashboards,,capacitacao,Campaign Negative Phrase
TQ | Pesquisa | Software Apps e Dashboards,,capacitação,Campaign Negative Phrase
TQ | Pesquisa | Software Apps e Dashboards,,workshop,Campaign Negative Phrase
TQ | Pesquisa | Software Apps e Dashboards,,palestra,Campaign Negative Phrase
TQ | Pesquisa | Software Apps e Dashboards,,ebook,Campaign Negative Phrase
TQ | Pesquisa | Software Apps e Dashboards,,e-book,Campaign Negative Phrase
TQ | Pesquisa | Software Apps e Dashboards,,slide,Campaign Negative Phrase
TQ | Pesquisa | Software Apps e Dashboards,,slides,Campaign Negative Phrase
TQ | Pesquisa | Software Apps e Dashboards,,aprender,Campaign Negative Phrase
TQ | Pesquisa | Software Apps e Dashboards,,aprenda,Campaign Negative Phrase
TQ | Pesquisa | Software Apps e Dashboards,,estudar,Campaign Negative Phrase
TQ | Pesquisa | Software Apps e Dashboards,,exercicios,Campaign Negative Phrase
TQ | Pesquisa | Software Apps e Dashboards,,exercícios,Campaign Negative Phrase
TQ | Pesquisa | Software Apps e Dashboards,,simulado,Campaign Negative Phrase
TQ | Pesquisa | Software Apps e Dashboards,,resumo,Campaign Negative Phrase
TQ | Pesquisa | Software Apps e Dashboards,,artigo,Campaign Negative Phrase
TQ | Pesquisa | Software Apps e Dashboards,,artigos,Campaign Negative Phrase
TQ | Pesquisa | Software Apps e Dashboards,,tcc,Campaign Negative Phrase
TQ | Pesquisa | Software Apps e Dashboards,,monografia,Campaign Negative Phrase
TQ | Pesquisa | Software Apps e Dashboards,,dissertação,Campaign Negative Phrase
TQ | Pesquisa | Software Apps e Dashboards,,tese,Campaign Negative Phrase
TQ | Pesquisa | Software Apps e Dashboards,,mestrado,Campaign Negative Phrase
TQ | Pesquisa | Software Apps e Dashboards,,doutorado,Campaign Negative Phrase
TQ | Pesquisa | Software Apps e Dashboards,,graduação,Campaign Negative Phrase
TQ | Pesquisa | Software Apps e Dashboards,,pos graduação,Campaign Negative Phrase
TQ | Pesquisa | Software Apps e Dashboards,,pós graduação,Campaign Negative Phrase
TQ | Pesquisa | Software Apps e Dashboards,,faculdade,Campaign Negative Phrase
TQ | Pesquisa | Software Apps e Dashboards,,universidade,Campaign Negative Phrase
TQ | Pesquisa | Software Apps e Dashboards,,senai,Campaign Negative Phrase
TQ | Pesquisa | Software Apps e Dashboards,,senac,Campaign Negative Phrase
TQ | Pesquisa | Software Apps e Dashboards,,sesi,Campaign Negative Phrase
TQ | Pesquisa | Software Apps e Dashboards,,etec,Campaign Negative Phrase
TQ | Pesquisa | Software Apps e Dashboards,,fatec,Campaign Negative Phrase
TQ | Pesquisa | Software Apps e Dashboards,,ifsp,Campaign Negative Phrase
TQ | Pesquisa | Software Apps e Dashboards,,curso tecnico,Campaign Negative Phrase
TQ | Pesquisa | Software Apps e Dashboards,,curso técnico,Campaign Negative Phrase
TQ | Pesquisa | Software Apps e Dashboards,,tecnico em,Campaign Negative Phrase
TQ | Pesquisa | Software Apps e Dashboards,,técnico em,Campaign Negative Phrase
TQ | Pesquisa | Software Apps e Dashboards,,bolsa,Campaign Negative Phrase
TQ | Pesquisa | Software Apps e Dashboards,,matricula,Campaign Negative Phrase
TQ | Pesquisa | Software Apps e Dashboards,,matrícula,Campaign Negative Phrase
TQ | Pesquisa | Software Apps e Dashboards,,ead,Campaign Negative Phrase
TQ | Pesquisa | Software Apps e Dashboards,,certificado,Campaign Negative Phrase
TQ | Pesquisa | Software Apps e Dashboards,,certificação profissional,Campaign Negative Phrase
TQ | Pesquisa | Software Apps e Dashboards,,livro,Campaign Negative Phrase
TQ | Pesquisa | Software Apps e Dashboards,,material didatico,Campaign Negative Phrase
TQ | Pesquisa | Software Apps e Dashboards,,material didático,Campaign Negative Phrase
TQ | Pesquisa | Software Apps e Dashboards,,trabalho escolar,Campaign Negative Phrase
TQ | Pesquisa | Software Apps e Dashboards,,feira de ciencias,Campaign Negative Phrase
TQ | Pesquisa | Software Apps e Dashboards,,feira de ciências,Campaign Negative Phrase
TQ | Pesquisa | Software Apps e Dashboards,,projeto escolar,Campaign Negative Phrase
TQ | Pesquisa | Software Apps e Dashboards,,escolar,Campaign Negative Phrase
TQ | Pesquisa | Software Apps e Dashboards,,estudante,Campaign Negative Phrase
TQ | Pesquisa | Software Apps e Dashboards,,aluno,Campaign Negative Phrase
TQ | Pesquisa | Software Apps e Dashboards,,professor,Campaign Negative Phrase
TQ | Pesquisa | Software Apps e Dashboards,,sala de aula,Campaign Negative Phrase
TQ | Pesquisa | Software Apps e Dashboards,,emprego,Campaign Negative Phrase
TQ | Pesquisa | Software Apps e Dashboards,,empregos,Campaign Negative Phrase
TQ | Pesquisa | Software Apps e Dashboards,,vaga,Campaign Negative Phrase
TQ | Pesquisa | Software Apps e Dashboards,,vagas,Campaign Negative Phrase
TQ | Pesquisa | Software Apps e Dashboards,,salario,Campaign Negative Phrase
TQ | Pesquisa | Software Apps e Dashboards,,salário,Campaign Negative Phrase
TQ | Pesquisa | Software Apps e Dashboards,,quanto ganha,Campaign Negative Phrase
TQ | Pesquisa | Software Apps e Dashboards,,piso salarial,Campaign Negative Phrase
TQ | Pesquisa | Software Apps e Dashboards,,clt,Campaign Negative Phrase
TQ | Pesquisa | Software Apps e Dashboards,,estagio,Campaign Negative Phrase
TQ | Pesquisa | Software Apps e Dashboards,,estágio,Campaign Negative Phrase
TQ | Pesquisa | Software Apps e Dashboards,,estagiario,Campaign Negative Phrase
TQ | Pesquisa | Software Apps e Dashboards,,estagiário,Campaign Negative Phrase
TQ | Pesquisa | Software Apps e Dashboards,,trainee,Campaign Negative Phrase
TQ | Pesquisa | Software Apps e Dashboards,,curriculo,Campaign Negative Phrase
TQ | Pesquisa | Software Apps e Dashboards,,currículo,Campaign Negative Phrase
TQ | Pesquisa | Software Apps e Dashboards,,recrutamento,Campaign Negative Phrase
TQ | Pesquisa | Software Apps e Dashboards,,contrata-se,Campaign Negative Phrase
TQ | Pesquisa | Software Apps e Dashboards,,indeed,Campaign Negative Phrase
TQ | Pesquisa | Software Apps e Dashboards,,catho,Campaign Negative Phrase
TQ | Pesquisa | Software Apps e Dashboards,,gupy,Campaign Negative Phrase
TQ | Pesquisa | Software Apps e Dashboards,,infojobs,Campaign Negative Phrase
TQ | Pesquisa | Software Apps e Dashboards,,concurso,Campaign Negative Phrase
TQ | Pesquisa | Software Apps e Dashboards,,carreira,Campaign Negative Phrase
TQ | Pesquisa | Software Apps e Dashboards,,profissao,Campaign Negative Phrase
TQ | Pesquisa | Software Apps e Dashboards,,profissão,Campaign Negative Phrase
TQ | Pesquisa | Software Apps e Dashboards,,mercado de trabalho,Campaign Negative Phrase
TQ | Pesquisa | Software Apps e Dashboards,,arduino,Campaign Negative Phrase
TQ | Pesquisa | Software Apps e Dashboards,,raspberry,Campaign Negative Phrase
TQ | Pesquisa | Software Apps e Dashboards,,hobby,Campaign Negative Phrase
TQ | Pesquisa | Software Apps e Dashboards,,faça você mesmo,Campaign Negative Phrase
TQ | Pesquisa | Software Apps e Dashboards,,faca voce mesmo,Campaign Negative Phrase
TQ | Pesquisa | Software Apps e Dashboards,,diy,Campaign Negative Phrase
TQ | Pesquisa | Software Apps e Dashboards,,como fazer,Campaign Negative Phrase
TQ | Pesquisa | Software Apps e Dashboards,,como montar,Campaign Negative Phrase
TQ | Pesquisa | Software Apps e Dashboards,,como criar,Campaign Negative Phrase
TQ | Pesquisa | Software Apps e Dashboards,,passo a passo,Campaign Negative Phrase
TQ | Pesquisa | Software Apps e Dashboards,,iniciante,Campaign Negative Phrase
TQ | Pesquisa | Software Apps e Dashboards,,iniciantes,Campaign Negative Phrase
TQ | Pesquisa | Software Apps e Dashboards,,para iniciantes,Campaign Negative Phrase
TQ | Pesquisa | Software Apps e Dashboards,,caseiro,Campaign Negative Phrase
TQ | Pesquisa | Software Apps e Dashboards,,em casa,Campaign Negative Phrase
TQ | Pesquisa | Software Apps e Dashboards,,gambiarra,Campaign Negative Phrase
TQ | Pesquisa | Software Apps e Dashboards,,maker,Campaign Negative Phrase
TQ | Pesquisa | Software Apps e Dashboards,,tinkercad,Campaign Negative Phrase
TQ | Pesquisa | Software Apps e Dashboards,,fritzing,Campaign Negative Phrase
TQ | Pesquisa | Software Apps e Dashboards,,proteus,Campaign Negative Phrase
TQ | Pesquisa | Software Apps e Dashboards,,multisim,Campaign Negative Phrase
TQ | Pesquisa | Software Apps e Dashboards,,simulador,Campaign Negative Phrase
TQ | Pesquisa | Software Apps e Dashboards,,simulação online,Campaign Negative Phrase
TQ | Pesquisa | Software Apps e Dashboards,,download,Campaign Negative Phrase
TQ | Pesquisa | Software Apps e Dashboards,,baixar,Campaign Negative Phrase
TQ | Pesquisa | Software Apps e Dashboards,,gratis,Campaign Negative Phrase
TQ | Pesquisa | Software Apps e Dashboards,,grátis,Campaign Negative Phrase
TQ | Pesquisa | Software Apps e Dashboards,,gratuito,Campaign Negative Phrase
TQ | Pesquisa | Software Apps e Dashboards,,de graça,Campaign Negative Phrase
TQ | Pesquisa | Software Apps e Dashboards,,free,Campaign Negative Phrase
TQ | Pesquisa | Software Apps e Dashboards,,torrent,Campaign Negative Phrase
TQ | Pesquisa | Software Apps e Dashboards,,crack,Campaign Negative Phrase
TQ | Pesquisa | Software Apps e Dashboards,,pdf,Campaign Negative Phrase
TQ | Pesquisa | Software Apps e Dashboards,,ppt,Campaign Negative Phrase
TQ | Pesquisa | Software Apps e Dashboards,,planilha,Campaign Negative Phrase
TQ | Pesquisa | Software Apps e Dashboards,,template,Campaign Negative Phrase
TQ | Pesquisa | Software Apps e Dashboards,,modelo pronto,Campaign Negative Phrase
TQ | Pesquisa | Software Apps e Dashboards,,o que é,Campaign Negative Phrase
TQ | Pesquisa | Software Apps e Dashboards,,o que sao,Campaign Negative Phrase
TQ | Pesquisa | Software Apps e Dashboards,,o que são,Campaign Negative Phrase
TQ | Pesquisa | Software Apps e Dashboards,,significado,Campaign Negative Phrase
TQ | Pesquisa | Software Apps e Dashboards,,conceito,Campaign Negative Phrase
TQ | Pesquisa | Software Apps e Dashboards,,definição,Campaign Negative Phrase
TQ | Pesquisa | Software Apps e Dashboards,,para que serve,Campaign Negative Phrase
TQ | Pesquisa | Software Apps e Dashboards,,tipos de,Campaign Negative Phrase
TQ | Pesquisa | Software Apps e Dashboards,,exemplos de,Campaign Negative Phrase
TQ | Pesquisa | Software Apps e Dashboards,,exemplo de,Campaign Negative Phrase
TQ | Pesquisa | Software Apps e Dashboards,,historia,Campaign Negative Phrase
TQ | Pesquisa | Software Apps e Dashboards,,história,Campaign Negative Phrase
TQ | Pesquisa | Software Apps e Dashboards,,wikipedia,Campaign Negative Phrase
TQ | Pesquisa | Software Apps e Dashboards,,quais sao,Campaign Negative Phrase
TQ | Pesquisa | Software Apps e Dashboards,,quais são,Campaign Negative Phrase
TQ | Pesquisa | Software Apps e Dashboards,,como funciona,Campaign Negative Phrase
TQ | Pesquisa | Software Apps e Dashboards,,vantagens e desvantagens,Campaign Negative Phrase
TQ | Pesquisa | Software Apps e Dashboards,,caracteristicas,Campaign Negative Phrase
TQ | Pesquisa | Software Apps e Dashboards,,características,Campaign Negative Phrase
TQ | Pesquisa | Software Apps e Dashboards,,pilares,Campaign Negative Phrase
TQ | Pesquisa | Software Apps e Dashboards,,diferença entre,Campaign Negative Phrase
TQ | Pesquisa | Software Apps e Dashboards,,resumo sobre,Campaign Negative Phrase
TQ | Pesquisa | Software Apps e Dashboards,,introdução,Campaign Negative Phrase
TQ | Pesquisa | Software Apps e Dashboards,,comprar,Campaign Negative Phrase
TQ | Pesquisa | Software Apps e Dashboards,,venda de,Campaign Negative Phrase
TQ | Pesquisa | Software Apps e Dashboards,,loja,Campaign Negative Phrase
TQ | Pesquisa | Software Apps e Dashboards,,lojas,Campaign Negative Phrase
TQ | Pesquisa | Software Apps e Dashboards,,mercado livre,Campaign Negative Phrase
TQ | Pesquisa | Software Apps e Dashboards,,olx,Campaign Negative Phrase
TQ | Pesquisa | Software Apps e Dashboards,,shopee,Campaign Negative Phrase
TQ | Pesquisa | Software Apps e Dashboards,,aliexpress,Campaign Negative Phrase
TQ | Pesquisa | Software Apps e Dashboards,,amazon,Campaign Negative Phrase
TQ | Pesquisa | Software Apps e Dashboards,,usado,Campaign Negative Phrase
TQ | Pesquisa | Software Apps e Dashboards,,seminovo,Campaign Negative Phrase
TQ | Pesquisa | Software Apps e Dashboards,,revenda,Campaign Negative Phrase
TQ | Pesquisa | Software Apps e Dashboards,,atacado,Campaign Negative Phrase
TQ | Pesquisa | Software Apps e Dashboards,,distribuidor,Campaign Negative Phrase
TQ | Pesquisa | Software Apps e Dashboards,,fornecedor de componentes,Campaign Negative Phrase
TQ | Pesquisa | Software Apps e Dashboards,,componentes eletronicos preço,Campaign Negative Phrase
TQ | Pesquisa | Software Apps e Dashboards,,kit,Campaign Negative Phrase
TQ | Pesquisa | Software Apps e Dashboards,,datasheet,Campaign Negative Phrase
TQ | Pesquisa | Software Apps e Dashboards,,esquema eletrico,Campaign Negative Phrase
TQ | Pesquisa | Software Apps e Dashboards,,esquema elétrico,Campaign Negative Phrase
TQ | Pesquisa | Software Apps e Dashboards,,manual de instruções,Campaign Negative Phrase
TQ | Pesquisa | Software Apps e Dashboards,,pinagem,Campaign Negative Phrase
TQ | Pesquisa | Software Apps e Dashboards,,catalogo,Campaign Negative Phrase
TQ | Pesquisa | Software Apps e Dashboards,,catálogo,Campaign Negative Phrase
TQ | Pesquisa | Software Apps e Dashboards,,conserto,Campaign Negative Phrase
TQ | Pesquisa | Software Apps e Dashboards,,consertar,Campaign Negative Phrase
TQ | Pesquisa | Software Apps e Dashboards,,assistencia tecnica,Campaign Negative Phrase
TQ | Pesquisa | Software Apps e Dashboards,,assistência técnica,Campaign Negative Phrase
TQ | Pesquisa | Software Apps e Dashboards,,manutencao de celular,Campaign Negative Phrase
TQ | Pesquisa | Software Apps e Dashboards,,manutenção de celular,Campaign Negative Phrase
TQ | Pesquisa | Software Apps e Dashboards,,conserto de celular,Campaign Negative Phrase
TQ | Pesquisa | Software Apps e Dashboards,,conserto de notebook,Campaign Negative Phrase
TQ | Pesquisa | Software Apps e Dashboards,,conserto de computador,Campaign Negative Phrase
TQ | Pesquisa | Software Apps e Dashboards,,conserto de tv,Campaign Negative Phrase
TQ | Pesquisa | Software Apps e Dashboards,,conserto de geladeira,Campaign Negative Phrase
TQ | Pesquisa | Software Apps e Dashboards,,maquina de lavar,Campaign Negative Phrase
TQ | Pesquisa | Software Apps e Dashboards,,máquina de lavar,Campaign Negative Phrase
TQ | Pesquisa | Software Apps e Dashboards,,ar condicionado,Campaign Negative Phrase
TQ | Pesquisa | Software Apps e Dashboards,,elevador,Campaign Negative Phrase
TQ | Pesquisa | Software Apps e Dashboards,,eletrodomestico,Campaign Negative Phrase
TQ | Pesquisa | Software Apps e Dashboards,,eletrodoméstico,Campaign Negative Phrase
TQ | Pesquisa | Software Apps e Dashboards,,residencial,Campaign Negative Phrase
TQ | Pesquisa | Software Apps e Dashboards,,domestica,Campaign Negative Phrase
TQ | Pesquisa | Software Apps e Dashboards,,doméstica,Campaign Negative Phrase
TQ | Pesquisa | Software Apps e Dashboards,,domotica,Campaign Negative Phrase
TQ | Pesquisa | Software Apps e Dashboards,,domótica,Campaign Negative Phrase
TQ | Pesquisa | Software Apps e Dashboards,,automação residencial,Campaign Negative Phrase
TQ | Pesquisa | Software Apps e Dashboards,,casa inteligente,Campaign Negative Phrase
TQ | Pesquisa | Software Apps e Dashboards,,portão eletrônico,Campaign Negative Phrase
TQ | Pesquisa | Software Apps e Dashboards,,portao eletronico,Campaign Negative Phrase
TQ | Pesquisa | Software Apps e Dashboards,,cerca eletrica,Campaign Negative Phrase
TQ | Pesquisa | Software Apps e Dashboards,,cerca elétrica,Campaign Negative Phrase
TQ | Pesquisa | Software Apps e Dashboards,,cftv,Campaign Negative Phrase
TQ | Pesquisa | Software Apps e Dashboards,,camera de seguranca,Campaign Negative Phrase
TQ | Pesquisa | Software Apps e Dashboards,,câmera de segurança,Campaign Negative Phrase
TQ | Pesquisa | Software Apps e Dashboards,,alarme residencial,Campaign Negative Phrase
TQ | Pesquisa | Software Apps e Dashboards,,interfone,Campaign Negative Phrase
TQ | Pesquisa | Software Apps e Dashboards,,instalação elétrica,Campaign Negative Phrase
TQ | Pesquisa | Software Apps e Dashboards,,eletricista,Campaign Negative Phrase
TQ | Pesquisa | Software Apps e Dashboards,,energia solar residencial,Campaign Negative Phrase
TQ | Pesquisa | Software Apps e Dashboards,,instalação de painel solar,Campaign Negative Phrase
TQ | Pesquisa | Software Apps e Dashboards,,placa solar preço,Campaign Negative Phrase
TQ | Pesquisa | Software Apps e Dashboards,,criação de site,Campaign Negative Phrase
TQ | Pesquisa | Software Apps e Dashboards,,criacao de site,Campaign Negative Phrase
TQ | Pesquisa | Software Apps e Dashboards,,loja virtual,Campaign Negative Phrase
TQ | Pesquisa | Software Apps e Dashboards,,e-commerce,Campaign Negative Phrase
TQ | Pesquisa | Software Apps e Dashboards,,aplicativo de delivery,Campaign Negative Phrase
TQ | Pesquisa | Software Apps e Dashboards,,jogo,Campaign Negative Phrase
TQ | Pesquisa | Software Apps e Dashboards,,game,Campaign Negative Phrase
TQ | Pesquisa | Software Apps e Dashboards,,marketing digital,Campaign Negative Phrase
TQ | Pesquisa | Software Apps e Dashboards,,trafego pago,Campaign Negative Phrase
TQ | Pesquisa | Software Apps e Dashboards,,tráfego pago,Campaign Negative Phrase
TQ | Pesquisa | Software Apps e Dashboards,,seo,Campaign Negative Phrase
TQ | Pesquisa | Software Apps e Dashboards,,social media,Campaign Negative Phrase
TQ | Pesquisa | Software Apps e Dashboards,,erp,Campaign Negative Phrase
TQ | Pesquisa | Software Apps e Dashboards,,sistema de vendas,Campaign Negative Phrase
TQ | Pesquisa | Software Apps e Dashboards,,software contabil,Campaign Negative Phrase
TQ | Pesquisa | Software Apps e Dashboards,,software contábil,Campaign Negative Phrase
TQ | Pesquisa | Software Apps e Dashboards,,power bi,Campaign Negative Phrase
TQ | Pesquisa | Software Apps e Dashboards,,excel,Campaign Negative Phrase
TQ | Pesquisa | Software Apps e Dashboards,,consultoria empresarial,Campaign Negative Phrase
TQ | Pesquisa | Software Apps e Dashboards,,consultoria financeira,Campaign Negative Phrase
TQ | Pesquisa | Software Apps e Dashboards,,consultoria de rh,Campaign Negative Phrase
TQ | Pesquisa | Software Apps e Dashboards,,consultoria de marketing,Campaign Negative Phrase
TQ | Pesquisa | Software Apps e Dashboards,,consultoria contabil,Campaign Negative Phrase
TQ | Pesquisa | Software Apps e Dashboards,,consultoria contábil,Campaign Negative Phrase
TQ | Pesquisa | Software Apps e Dashboards,,freelancer,Campaign Negative Phrase
TQ | Pesquisa | Software Apps e Dashboards,,freela,Campaign Negative Phrase
TQ | Pesquisa | Software Apps e Dashboards,,autonomo,Campaign Negative Phrase
TQ | Pesquisa | Software Apps e Dashboards,,autônomo,Campaign Negative Phrase
TQ | Pesquisa | Software Apps e Dashboards,,profissional autonomo,Campaign Negative Phrase
TQ | Pesquisa | Software Apps e Dashboards,,pessoa fisica,Campaign Negative Phrase
TQ | Pesquisa | Software Apps e Dashboards,,pessoa física,Campaign Negative Phrase
TQ | Pesquisa | Software Apps e Dashboards,,portugal,Campaign Negative Phrase
TQ | Pesquisa | Software Apps e Dashboards,,angola,Campaign Negative Phrase
TQ | Pesquisa | Software Apps e Dashboards,,moçambique,Campaign Negative Phrase
TQ | Pesquisa | Software Apps e Dashboards,,mocambique,Campaign Negative Phrase
TQ | Pesquisa | Diagnóstico Técnico,,curso,Campaign Negative Phrase
TQ | Pesquisa | Diagnóstico Técnico,,cursos,Campaign Negative Phrase
TQ | Pesquisa | Diagnóstico Técnico,,aula,Campaign Negative Phrase
TQ | Pesquisa | Diagnóstico Técnico,,aulas,Campaign Negative Phrase
TQ | Pesquisa | Diagnóstico Técnico,,apostila,Campaign Negative Phrase
TQ | Pesquisa | Diagnóstico Técnico,,apostilas,Campaign Negative Phrase
TQ | Pesquisa | Diagnóstico Técnico,,tutorial,Campaign Negative Phrase
TQ | Pesquisa | Diagnóstico Técnico,,treinamento,Campaign Negative Phrase
TQ | Pesquisa | Diagnóstico Técnico,,capacitacao,Campaign Negative Phrase
TQ | Pesquisa | Diagnóstico Técnico,,capacitação,Campaign Negative Phrase
TQ | Pesquisa | Diagnóstico Técnico,,workshop,Campaign Negative Phrase
TQ | Pesquisa | Diagnóstico Técnico,,palestra,Campaign Negative Phrase
TQ | Pesquisa | Diagnóstico Técnico,,ebook,Campaign Negative Phrase
TQ | Pesquisa | Diagnóstico Técnico,,e-book,Campaign Negative Phrase
TQ | Pesquisa | Diagnóstico Técnico,,slide,Campaign Negative Phrase
TQ | Pesquisa | Diagnóstico Técnico,,slides,Campaign Negative Phrase
TQ | Pesquisa | Diagnóstico Técnico,,aprender,Campaign Negative Phrase
TQ | Pesquisa | Diagnóstico Técnico,,aprenda,Campaign Negative Phrase
TQ | Pesquisa | Diagnóstico Técnico,,estudar,Campaign Negative Phrase
TQ | Pesquisa | Diagnóstico Técnico,,exercicios,Campaign Negative Phrase
TQ | Pesquisa | Diagnóstico Técnico,,exercícios,Campaign Negative Phrase
TQ | Pesquisa | Diagnóstico Técnico,,simulado,Campaign Negative Phrase
TQ | Pesquisa | Diagnóstico Técnico,,resumo,Campaign Negative Phrase
TQ | Pesquisa | Diagnóstico Técnico,,artigo,Campaign Negative Phrase
TQ | Pesquisa | Diagnóstico Técnico,,artigos,Campaign Negative Phrase
TQ | Pesquisa | Diagnóstico Técnico,,tcc,Campaign Negative Phrase
TQ | Pesquisa | Diagnóstico Técnico,,monografia,Campaign Negative Phrase
TQ | Pesquisa | Diagnóstico Técnico,,dissertação,Campaign Negative Phrase
TQ | Pesquisa | Diagnóstico Técnico,,tese,Campaign Negative Phrase
TQ | Pesquisa | Diagnóstico Técnico,,mestrado,Campaign Negative Phrase
TQ | Pesquisa | Diagnóstico Técnico,,doutorado,Campaign Negative Phrase
TQ | Pesquisa | Diagnóstico Técnico,,graduação,Campaign Negative Phrase
TQ | Pesquisa | Diagnóstico Técnico,,pos graduação,Campaign Negative Phrase
TQ | Pesquisa | Diagnóstico Técnico,,pós graduação,Campaign Negative Phrase
TQ | Pesquisa | Diagnóstico Técnico,,faculdade,Campaign Negative Phrase
TQ | Pesquisa | Diagnóstico Técnico,,universidade,Campaign Negative Phrase
TQ | Pesquisa | Diagnóstico Técnico,,senai,Campaign Negative Phrase
TQ | Pesquisa | Diagnóstico Técnico,,senac,Campaign Negative Phrase
TQ | Pesquisa | Diagnóstico Técnico,,sesi,Campaign Negative Phrase
TQ | Pesquisa | Diagnóstico Técnico,,etec,Campaign Negative Phrase
TQ | Pesquisa | Diagnóstico Técnico,,fatec,Campaign Negative Phrase
TQ | Pesquisa | Diagnóstico Técnico,,ifsp,Campaign Negative Phrase
TQ | Pesquisa | Diagnóstico Técnico,,curso tecnico,Campaign Negative Phrase
TQ | Pesquisa | Diagnóstico Técnico,,curso técnico,Campaign Negative Phrase
TQ | Pesquisa | Diagnóstico Técnico,,tecnico em,Campaign Negative Phrase
TQ | Pesquisa | Diagnóstico Técnico,,técnico em,Campaign Negative Phrase
TQ | Pesquisa | Diagnóstico Técnico,,bolsa,Campaign Negative Phrase
TQ | Pesquisa | Diagnóstico Técnico,,matricula,Campaign Negative Phrase
TQ | Pesquisa | Diagnóstico Técnico,,matrícula,Campaign Negative Phrase
TQ | Pesquisa | Diagnóstico Técnico,,ead,Campaign Negative Phrase
TQ | Pesquisa | Diagnóstico Técnico,,certificado,Campaign Negative Phrase
TQ | Pesquisa | Diagnóstico Técnico,,certificação profissional,Campaign Negative Phrase
TQ | Pesquisa | Diagnóstico Técnico,,livro,Campaign Negative Phrase
TQ | Pesquisa | Diagnóstico Técnico,,material didatico,Campaign Negative Phrase
TQ | Pesquisa | Diagnóstico Técnico,,material didático,Campaign Negative Phrase
TQ | Pesquisa | Diagnóstico Técnico,,trabalho escolar,Campaign Negative Phrase
TQ | Pesquisa | Diagnóstico Técnico,,feira de ciencias,Campaign Negative Phrase
TQ | Pesquisa | Diagnóstico Técnico,,feira de ciências,Campaign Negative Phrase
TQ | Pesquisa | Diagnóstico Técnico,,projeto escolar,Campaign Negative Phrase
TQ | Pesquisa | Diagnóstico Técnico,,escolar,Campaign Negative Phrase
TQ | Pesquisa | Diagnóstico Técnico,,estudante,Campaign Negative Phrase
TQ | Pesquisa | Diagnóstico Técnico,,aluno,Campaign Negative Phrase
TQ | Pesquisa | Diagnóstico Técnico,,professor,Campaign Negative Phrase
TQ | Pesquisa | Diagnóstico Técnico,,sala de aula,Campaign Negative Phrase
TQ | Pesquisa | Diagnóstico Técnico,,emprego,Campaign Negative Phrase
TQ | Pesquisa | Diagnóstico Técnico,,empregos,Campaign Negative Phrase
TQ | Pesquisa | Diagnóstico Técnico,,vaga,Campaign Negative Phrase
TQ | Pesquisa | Diagnóstico Técnico,,vagas,Campaign Negative Phrase
TQ | Pesquisa | Diagnóstico Técnico,,salario,Campaign Negative Phrase
TQ | Pesquisa | Diagnóstico Técnico,,salário,Campaign Negative Phrase
TQ | Pesquisa | Diagnóstico Técnico,,quanto ganha,Campaign Negative Phrase
TQ | Pesquisa | Diagnóstico Técnico,,piso salarial,Campaign Negative Phrase
TQ | Pesquisa | Diagnóstico Técnico,,clt,Campaign Negative Phrase
TQ | Pesquisa | Diagnóstico Técnico,,estagio,Campaign Negative Phrase
TQ | Pesquisa | Diagnóstico Técnico,,estágio,Campaign Negative Phrase
TQ | Pesquisa | Diagnóstico Técnico,,estagiario,Campaign Negative Phrase
TQ | Pesquisa | Diagnóstico Técnico,,estagiário,Campaign Negative Phrase
TQ | Pesquisa | Diagnóstico Técnico,,trainee,Campaign Negative Phrase
TQ | Pesquisa | Diagnóstico Técnico,,curriculo,Campaign Negative Phrase
TQ | Pesquisa | Diagnóstico Técnico,,currículo,Campaign Negative Phrase
TQ | Pesquisa | Diagnóstico Técnico,,recrutamento,Campaign Negative Phrase
TQ | Pesquisa | Diagnóstico Técnico,,contrata-se,Campaign Negative Phrase
TQ | Pesquisa | Diagnóstico Técnico,,indeed,Campaign Negative Phrase
TQ | Pesquisa | Diagnóstico Técnico,,catho,Campaign Negative Phrase
TQ | Pesquisa | Diagnóstico Técnico,,gupy,Campaign Negative Phrase
TQ | Pesquisa | Diagnóstico Técnico,,infojobs,Campaign Negative Phrase
TQ | Pesquisa | Diagnóstico Técnico,,concurso,Campaign Negative Phrase
TQ | Pesquisa | Diagnóstico Técnico,,carreira,Campaign Negative Phrase
TQ | Pesquisa | Diagnóstico Técnico,,profissao,Campaign Negative Phrase
TQ | Pesquisa | Diagnóstico Técnico,,profissão,Campaign Negative Phrase
TQ | Pesquisa | Diagnóstico Técnico,,mercado de trabalho,Campaign Negative Phrase
TQ | Pesquisa | Diagnóstico Técnico,,arduino,Campaign Negative Phrase
TQ | Pesquisa | Diagnóstico Técnico,,raspberry,Campaign Negative Phrase
TQ | Pesquisa | Diagnóstico Técnico,,hobby,Campaign Negative Phrase
TQ | Pesquisa | Diagnóstico Técnico,,faça você mesmo,Campaign Negative Phrase
TQ | Pesquisa | Diagnóstico Técnico,,faca voce mesmo,Campaign Negative Phrase
TQ | Pesquisa | Diagnóstico Técnico,,diy,Campaign Negative Phrase
TQ | Pesquisa | Diagnóstico Técnico,,como fazer,Campaign Negative Phrase
TQ | Pesquisa | Diagnóstico Técnico,,como montar,Campaign Negative Phrase
TQ | Pesquisa | Diagnóstico Técnico,,como criar,Campaign Negative Phrase
TQ | Pesquisa | Diagnóstico Técnico,,passo a passo,Campaign Negative Phrase
TQ | Pesquisa | Diagnóstico Técnico,,iniciante,Campaign Negative Phrase
TQ | Pesquisa | Diagnóstico Técnico,,iniciantes,Campaign Negative Phrase
TQ | Pesquisa | Diagnóstico Técnico,,para iniciantes,Campaign Negative Phrase
TQ | Pesquisa | Diagnóstico Técnico,,caseiro,Campaign Negative Phrase
TQ | Pesquisa | Diagnóstico Técnico,,em casa,Campaign Negative Phrase
TQ | Pesquisa | Diagnóstico Técnico,,gambiarra,Campaign Negative Phrase
TQ | Pesquisa | Diagnóstico Técnico,,maker,Campaign Negative Phrase
TQ | Pesquisa | Diagnóstico Técnico,,tinkercad,Campaign Negative Phrase
TQ | Pesquisa | Diagnóstico Técnico,,fritzing,Campaign Negative Phrase
TQ | Pesquisa | Diagnóstico Técnico,,proteus,Campaign Negative Phrase
TQ | Pesquisa | Diagnóstico Técnico,,multisim,Campaign Negative Phrase
TQ | Pesquisa | Diagnóstico Técnico,,simulador,Campaign Negative Phrase
TQ | Pesquisa | Diagnóstico Técnico,,simulação online,Campaign Negative Phrase
TQ | Pesquisa | Diagnóstico Técnico,,download,Campaign Negative Phrase
TQ | Pesquisa | Diagnóstico Técnico,,baixar,Campaign Negative Phrase
TQ | Pesquisa | Diagnóstico Técnico,,gratis,Campaign Negative Phrase
TQ | Pesquisa | Diagnóstico Técnico,,grátis,Campaign Negative Phrase
TQ | Pesquisa | Diagnóstico Técnico,,gratuito,Campaign Negative Phrase
TQ | Pesquisa | Diagnóstico Técnico,,de graça,Campaign Negative Phrase
TQ | Pesquisa | Diagnóstico Técnico,,free,Campaign Negative Phrase
TQ | Pesquisa | Diagnóstico Técnico,,torrent,Campaign Negative Phrase
TQ | Pesquisa | Diagnóstico Técnico,,crack,Campaign Negative Phrase
TQ | Pesquisa | Diagnóstico Técnico,,pdf,Campaign Negative Phrase
TQ | Pesquisa | Diagnóstico Técnico,,ppt,Campaign Negative Phrase
TQ | Pesquisa | Diagnóstico Técnico,,planilha,Campaign Negative Phrase
TQ | Pesquisa | Diagnóstico Técnico,,template,Campaign Negative Phrase
TQ | Pesquisa | Diagnóstico Técnico,,modelo pronto,Campaign Negative Phrase
TQ | Pesquisa | Diagnóstico Técnico,,o que é,Campaign Negative Phrase
TQ | Pesquisa | Diagnóstico Técnico,,o que sao,Campaign Negative Phrase
TQ | Pesquisa | Diagnóstico Técnico,,o que são,Campaign Negative Phrase
TQ | Pesquisa | Diagnóstico Técnico,,significado,Campaign Negative Phrase
TQ | Pesquisa | Diagnóstico Técnico,,conceito,Campaign Negative Phrase
TQ | Pesquisa | Diagnóstico Técnico,,definição,Campaign Negative Phrase
TQ | Pesquisa | Diagnóstico Técnico,,para que serve,Campaign Negative Phrase
TQ | Pesquisa | Diagnóstico Técnico,,tipos de,Campaign Negative Phrase
TQ | Pesquisa | Diagnóstico Técnico,,exemplos de,Campaign Negative Phrase
TQ | Pesquisa | Diagnóstico Técnico,,exemplo de,Campaign Negative Phrase
TQ | Pesquisa | Diagnóstico Técnico,,historia,Campaign Negative Phrase
TQ | Pesquisa | Diagnóstico Técnico,,história,Campaign Negative Phrase
TQ | Pesquisa | Diagnóstico Técnico,,wikipedia,Campaign Negative Phrase
TQ | Pesquisa | Diagnóstico Técnico,,quais sao,Campaign Negative Phrase
TQ | Pesquisa | Diagnóstico Técnico,,quais são,Campaign Negative Phrase
TQ | Pesquisa | Diagnóstico Técnico,,como funciona,Campaign Negative Phrase
TQ | Pesquisa | Diagnóstico Técnico,,vantagens e desvantagens,Campaign Negative Phrase
TQ | Pesquisa | Diagnóstico Técnico,,caracteristicas,Campaign Negative Phrase
TQ | Pesquisa | Diagnóstico Técnico,,características,Campaign Negative Phrase
TQ | Pesquisa | Diagnóstico Técnico,,pilares,Campaign Negative Phrase
TQ | Pesquisa | Diagnóstico Técnico,,diferença entre,Campaign Negative Phrase
TQ | Pesquisa | Diagnóstico Técnico,,resumo sobre,Campaign Negative Phrase
TQ | Pesquisa | Diagnóstico Técnico,,introdução,Campaign Negative Phrase
TQ | Pesquisa | Diagnóstico Técnico,,comprar,Campaign Negative Phrase
TQ | Pesquisa | Diagnóstico Técnico,,venda de,Campaign Negative Phrase
TQ | Pesquisa | Diagnóstico Técnico,,loja,Campaign Negative Phrase
TQ | Pesquisa | Diagnóstico Técnico,,lojas,Campaign Negative Phrase
TQ | Pesquisa | Diagnóstico Técnico,,mercado livre,Campaign Negative Phrase
TQ | Pesquisa | Diagnóstico Técnico,,olx,Campaign Negative Phrase
TQ | Pesquisa | Diagnóstico Técnico,,shopee,Campaign Negative Phrase
TQ | Pesquisa | Diagnóstico Técnico,,aliexpress,Campaign Negative Phrase
TQ | Pesquisa | Diagnóstico Técnico,,amazon,Campaign Negative Phrase
TQ | Pesquisa | Diagnóstico Técnico,,usado,Campaign Negative Phrase
TQ | Pesquisa | Diagnóstico Técnico,,seminovo,Campaign Negative Phrase
TQ | Pesquisa | Diagnóstico Técnico,,revenda,Campaign Negative Phrase
TQ | Pesquisa | Diagnóstico Técnico,,atacado,Campaign Negative Phrase
TQ | Pesquisa | Diagnóstico Técnico,,distribuidor,Campaign Negative Phrase
TQ | Pesquisa | Diagnóstico Técnico,,fornecedor de componentes,Campaign Negative Phrase
TQ | Pesquisa | Diagnóstico Técnico,,componentes eletronicos preço,Campaign Negative Phrase
TQ | Pesquisa | Diagnóstico Técnico,,kit,Campaign Negative Phrase
TQ | Pesquisa | Diagnóstico Técnico,,datasheet,Campaign Negative Phrase
TQ | Pesquisa | Diagnóstico Técnico,,esquema eletrico,Campaign Negative Phrase
TQ | Pesquisa | Diagnóstico Técnico,,esquema elétrico,Campaign Negative Phrase
TQ | Pesquisa | Diagnóstico Técnico,,manual de instruções,Campaign Negative Phrase
TQ | Pesquisa | Diagnóstico Técnico,,pinagem,Campaign Negative Phrase
TQ | Pesquisa | Diagnóstico Técnico,,catalogo,Campaign Negative Phrase
TQ | Pesquisa | Diagnóstico Técnico,,catálogo,Campaign Negative Phrase
TQ | Pesquisa | Diagnóstico Técnico,,conserto,Campaign Negative Phrase
TQ | Pesquisa | Diagnóstico Técnico,,consertar,Campaign Negative Phrase
TQ | Pesquisa | Diagnóstico Técnico,,assistencia tecnica,Campaign Negative Phrase
TQ | Pesquisa | Diagnóstico Técnico,,assistência técnica,Campaign Negative Phrase
TQ | Pesquisa | Diagnóstico Técnico,,manutencao de celular,Campaign Negative Phrase
TQ | Pesquisa | Diagnóstico Técnico,,manutenção de celular,Campaign Negative Phrase
TQ | Pesquisa | Diagnóstico Técnico,,conserto de celular,Campaign Negative Phrase
TQ | Pesquisa | Diagnóstico Técnico,,conserto de notebook,Campaign Negative Phrase
TQ | Pesquisa | Diagnóstico Técnico,,conserto de computador,Campaign Negative Phrase
TQ | Pesquisa | Diagnóstico Técnico,,conserto de tv,Campaign Negative Phrase
TQ | Pesquisa | Diagnóstico Técnico,,conserto de geladeira,Campaign Negative Phrase
TQ | Pesquisa | Diagnóstico Técnico,,maquina de lavar,Campaign Negative Phrase
TQ | Pesquisa | Diagnóstico Técnico,,máquina de lavar,Campaign Negative Phrase
TQ | Pesquisa | Diagnóstico Técnico,,ar condicionado,Campaign Negative Phrase
TQ | Pesquisa | Diagnóstico Técnico,,elevador,Campaign Negative Phrase
TQ | Pesquisa | Diagnóstico Técnico,,eletrodomestico,Campaign Negative Phrase
TQ | Pesquisa | Diagnóstico Técnico,,eletrodoméstico,Campaign Negative Phrase
TQ | Pesquisa | Diagnóstico Técnico,,residencial,Campaign Negative Phrase
TQ | Pesquisa | Diagnóstico Técnico,,domestica,Campaign Negative Phrase
TQ | Pesquisa | Diagnóstico Técnico,,doméstica,Campaign Negative Phrase
TQ | Pesquisa | Diagnóstico Técnico,,domotica,Campaign Negative Phrase
TQ | Pesquisa | Diagnóstico Técnico,,domótica,Campaign Negative Phrase
TQ | Pesquisa | Diagnóstico Técnico,,automação residencial,Campaign Negative Phrase
TQ | Pesquisa | Diagnóstico Técnico,,casa inteligente,Campaign Negative Phrase
TQ | Pesquisa | Diagnóstico Técnico,,portão eletrônico,Campaign Negative Phrase
TQ | Pesquisa | Diagnóstico Técnico,,portao eletronico,Campaign Negative Phrase
TQ | Pesquisa | Diagnóstico Técnico,,cerca eletrica,Campaign Negative Phrase
TQ | Pesquisa | Diagnóstico Técnico,,cerca elétrica,Campaign Negative Phrase
TQ | Pesquisa | Diagnóstico Técnico,,cftv,Campaign Negative Phrase
TQ | Pesquisa | Diagnóstico Técnico,,camera de seguranca,Campaign Negative Phrase
TQ | Pesquisa | Diagnóstico Técnico,,câmera de segurança,Campaign Negative Phrase
TQ | Pesquisa | Diagnóstico Técnico,,alarme residencial,Campaign Negative Phrase
TQ | Pesquisa | Diagnóstico Técnico,,interfone,Campaign Negative Phrase
TQ | Pesquisa | Diagnóstico Técnico,,instalação elétrica,Campaign Negative Phrase
TQ | Pesquisa | Diagnóstico Técnico,,eletricista,Campaign Negative Phrase
TQ | Pesquisa | Diagnóstico Técnico,,energia solar residencial,Campaign Negative Phrase
TQ | Pesquisa | Diagnóstico Técnico,,instalação de painel solar,Campaign Negative Phrase
TQ | Pesquisa | Diagnóstico Técnico,,placa solar preço,Campaign Negative Phrase
TQ | Pesquisa | Diagnóstico Técnico,,criação de site,Campaign Negative Phrase
TQ | Pesquisa | Diagnóstico Técnico,,criacao de site,Campaign Negative Phrase
TQ | Pesquisa | Diagnóstico Técnico,,loja virtual,Campaign Negative Phrase
TQ | Pesquisa | Diagnóstico Técnico,,e-commerce,Campaign Negative Phrase
TQ | Pesquisa | Diagnóstico Técnico,,aplicativo de delivery,Campaign Negative Phrase
TQ | Pesquisa | Diagnóstico Técnico,,jogo,Campaign Negative Phrase
TQ | Pesquisa | Diagnóstico Técnico,,game,Campaign Negative Phrase
TQ | Pesquisa | Diagnóstico Técnico,,marketing digital,Campaign Negative Phrase
TQ | Pesquisa | Diagnóstico Técnico,,trafego pago,Campaign Negative Phrase
TQ | Pesquisa | Diagnóstico Técnico,,tráfego pago,Campaign Negative Phrase
TQ | Pesquisa | Diagnóstico Técnico,,seo,Campaign Negative Phrase
TQ | Pesquisa | Diagnóstico Técnico,,social media,Campaign Negative Phrase
TQ | Pesquisa | Diagnóstico Técnico,,erp,Campaign Negative Phrase
TQ | Pesquisa | Diagnóstico Técnico,,sistema de vendas,Campaign Negative Phrase
TQ | Pesquisa | Diagnóstico Técnico,,software contabil,Campaign Negative Phrase
TQ | Pesquisa | Diagnóstico Técnico,,software contábil,Campaign Negative Phrase
TQ | Pesquisa | Diagnóstico Técnico,,power bi,Campaign Negative Phrase
TQ | Pesquisa | Diagnóstico Técnico,,excel,Campaign Negative Phrase
TQ | Pesquisa | Diagnóstico Técnico,,consultoria empresarial,Campaign Negative Phrase
TQ | Pesquisa | Diagnóstico Técnico,,consultoria financeira,Campaign Negative Phrase
TQ | Pesquisa | Diagnóstico Técnico,,consultoria de rh,Campaign Negative Phrase
TQ | Pesquisa | Diagnóstico Técnico,,consultoria de marketing,Campaign Negative Phrase
TQ | Pesquisa | Diagnóstico Técnico,,consultoria contabil,Campaign Negative Phrase
TQ | Pesquisa | Diagnóstico Técnico,,consultoria contábil,Campaign Negative Phrase
TQ | Pesquisa | Diagnóstico Técnico,,freelancer,Campaign Negative Phrase
TQ | Pesquisa | Diagnóstico Técnico,,freela,Campaign Negative Phrase
TQ | Pesquisa | Diagnóstico Técnico,,autonomo,Campaign Negative Phrase
TQ | Pesquisa | Diagnóstico Técnico,,autônomo,Campaign Negative Phrase
TQ | Pesquisa | Diagnóstico Técnico,,profissional autonomo,Campaign Negative Phrase
TQ | Pesquisa | Diagnóstico Técnico,,pessoa fisica,Campaign Negative Phrase
TQ | Pesquisa | Diagnóstico Técnico,,pessoa física,Campaign Negative Phrase
TQ | Pesquisa | Diagnóstico Técnico,,portugal,Campaign Negative Phrase
TQ | Pesquisa | Diagnóstico Técnico,,angola,Campaign Negative Phrase
TQ | Pesquisa | Diagnóstico Técnico,,moçambique,Campaign Negative Phrase
TQ | Pesquisa | Diagnóstico Técnico,,mocambique,Campaign Negative Phrase
