Campaign,Ad Group,Keyword,Criterion Type
TQ | Pesquisa | Projetos de Engenharia,Produtos Eletrônicos e Hardware,loja de eletrônicos,Negative Phrase
TQ | Pesquisa | Projetos de Engenharia,Produtos Eletrônicos e Hardware,conserto de eletrônicos,Negative Phrase
TQ | Pesquisa | Projetos de Engenharia,Produtos Eletrônicos e Hardware,revenda de eletrônicos,Negative Phrase
TQ | Pesquisa | Projetos de Engenharia,Produtos Eletrônicos e Hardware,importar eletrônicos,Negative Phrase
TQ | Pesquisa | Projetos de Engenharia,Produtos Eletrônicos e Hardware,hardware de computador,Negative Phrase
TQ | Pesquisa | Projetos de Engenharia,Produtos Eletrônicos e Hardware,loja de hardware,Negative Phrase
TQ | Pesquisa | Projetos de Engenharia,Produtos Eletrônicos e Hardware,hardware gamer,Negative Phrase
TQ | Pesquisa | Projetos de Engenharia,Produtos Eletrônicos e Hardware,manutenção de computador,Negative Phrase
TQ | Pesquisa | Projetos de Engenharia,Produtos Eletrônicos e Hardware,placa mãe,Negative Phrase
TQ | Pesquisa | Projetos de Engenharia,Produtos Eletrônicos e Hardware,montagem de pc,Negative Phrase
TQ | Pesquisa | Projetos de Engenharia,Produtos Eletrônicos e Hardware,hardware de servidor,Negative Phrase
TQ | Pesquisa | Projetos de Engenharia,Produtos Eletrônicos e Hardware,peças de computador,Negative Phrase
TQ | Pesquisa | Projetos de Engenharia,Produtos Eletrônicos e Hardware,desenvolvimento de pcb,Negative Exact
TQ | Pesquisa | Projetos de Engenharia,Produtos Eletrônicos e Hardware,projeto de pcb,Negative Exact
TQ | Pesquisa | Projetos de Engenharia,Produtos Eletrônicos e Hardware,layout de pcb,Negative Exact
TQ | Pesquisa | Projetos de Engenharia,Produtos Eletrônicos e Hardware,projeto de placa eletrônica,Negative Exact
TQ | Pesquisa | Projetos de Engenharia,Produtos Eletrônicos e Hardware,desenvolvimento de placa de circuito impresso,Negative Exact
TQ | Pesquisa | Projetos de Engenharia,Produtos Eletrônicos e Hardware,projeto de placa de circuito impresso,Negative Exact
TQ | Pesquisa | Projetos de Engenharia,Produtos Eletrônicos e Hardware,revisão de projeto de pcb,Negative Exact
TQ | Pesquisa | Projetos de Engenharia,Produtos Eletrônicos e Hardware,empresa de projeto de pcb,Negative Exact
TQ | Pesquisa | Projetos de Engenharia,Produtos Eletrônicos e Hardware,design de placa eletrônica,Negative Exact
TQ | Pesquisa | Projetos de Engenharia,Produtos Eletrônicos e Hardware,layout de placa eletrônica,Negative Exact
TQ | Pesquisa | Projetos de Engenharia,Produtos Eletrônicos e Hardware,roteamento de pcb,Negative Exact
TQ | Pesquisa | Projetos de Engenharia,Produtos Eletrônicos e Hardware,projeto de pcb multicamadas,Negative Exact
TQ | Pesquisa | Projetos de Engenharia,Produtos Eletrônicos e Hardware,empresa de layout de pcb,Negative Exact
TQ | Pesquisa | Projetos de Engenharia,Produtos Eletrônicos e Hardware,desenvolvimento de firmware,Negative Exact
TQ | Pesquisa | Projetos de Engenharia,Produtos Eletrônicos e Hardware,empresa de desenvolvimento de firmware,Negative Exact
TQ | Pesquisa | Projetos de Engenharia,Produtos Eletrônicos e Hardware,empresa de firmware,Negative Exact
TQ | Pesquisa | Projetos de Engenharia,Produtos Eletrônicos e Hardware,programação de firmware,Negative Exact
TQ | Pesquisa | Projetos de Engenharia,Produtos Eletrônicos e Hardware,desenvolvimento de firmware embarcado,Negative Exact
TQ | Pesquisa | Projetos de Engenharia,Produtos Eletrônicos e Hardware,firmware sob medida,Negative Exact
TQ | Pesquisa | Projetos de Engenharia,Produtos Eletrônicos e Hardware,desenvolvimento de sistemas embarcados,Negative Exact
TQ | Pesquisa | Projetos de Engenharia,Produtos Eletrônicos e Hardware,empresa de sistemas embarcados,Negative Exact
TQ | Pesquisa | Projetos de Engenharia,Produtos Eletrônicos e Hardware,firmware para microcontrolador,Negative Exact
TQ | Pesquisa | Projetos de Engenharia,Produtos Eletrônicos e Hardware,programação de microcontrolador,Negative Exact
TQ | Pesquisa | Projetos de Engenharia,Produtos Eletrônicos e Hardware,desenvolvimento de software embarcado,Negative Exact
TQ | Pesquisa | Projetos de Engenharia,Produtos Eletrônicos e Hardware,terceirização de desenvolvimento de firmware,Negative Exact
TQ | Pesquisa | Projetos de Engenharia,Produtos Eletrônicos e Hardware,desenvolvimento embarcado para indústria,Negative Exact
TQ | Pesquisa | Projetos de Engenharia,Produtos Eletrônicos e Hardware,atualização remota de firmware,Negative Exact
TQ | Pesquisa | Projetos de Engenharia,Produtos Eletrônicos e Hardware,programação esp32,Negative Exact
TQ | Pesquisa | Projetos de Engenharia,Produtos Eletrônicos e Hardware,desenvolvimento com esp32,Negative Exact
TQ | Pesquisa | Projetos de Engenharia,Produtos Eletrônicos e Hardware,firmware esp32,Negative Exact
TQ | Pesquisa | Projetos de Engenharia,Produtos Eletrônicos e Hardware,desenvolvimento mqtt,Negative Exact
TQ | Pesquisa | Projetos de Engenharia,Produtos Eletrônicos e Hardware,integração modbus,Negative Exact
TQ | Pesquisa | Projetos de Engenharia,Produtos Eletrônicos e Hardware,comunicação modbus industrial,Negative Exact
TQ | Pesquisa | Projetos de Engenharia,Produtos Eletrônicos e Hardware,firmware com wifi e bluetooth,Negative Exact
TQ | Pesquisa | Projetos de Engenharia,Produtos Eletrônicos e Hardware,integração can bus industrial,Negative Exact
TQ | Pesquisa | Projetos de Engenharia,Produtos Eletrônicos e Hardware,terceirização de engenharia eletrônica,Negative Exact
TQ | Pesquisa | Projetos de Engenharia,Produtos Eletrônicos e Hardware,terceirização de engenharia,Negative Exact
TQ | Pesquisa | Projetos de Engenharia,Produtos Eletrônicos e Hardware,engenharia eletrônica terceirizada,Negative Exact
TQ | Pesquisa | Projetos de Engenharia,Produtos Eletrônicos e Hardware,empresa de engenharia terceirizada,Negative Exact
TQ | Pesquisa | Projetos de Engenharia,Produtos Eletrônicos e Hardware,outsourcing de engenharia eletrônica,Negative Exact
TQ | Pesquisa | Projetos de Engenharia,Produtos Eletrônicos e Hardware,outsourcing de engenharia,Negative Exact
TQ | Pesquisa | Projetos de Engenharia,Produtos Eletrônicos e Hardware,empresa de engenharia eletrônica,Negative Exact
TQ | Pesquisa | Projetos de Engenharia,Produtos Eletrônicos e Hardware,design house eletrônica,Negative Exact
TQ | Pesquisa | Projetos de Engenharia,Produtos Eletrônicos e Hardware,design house de eletrônica,Negative Exact
TQ | Pesquisa | Projetos de Engenharia,Produtos Eletrônicos e Hardware,parceiro de engenharia eletrônica,Negative Exact
TQ | Pesquisa | Projetos de Engenharia,Produtos Eletrônicos e Hardware,braço de engenharia eletrônica,Negative Exact
TQ | Pesquisa | Projetos de Engenharia,Produtos Eletrônicos e Hardware,empresa de p&d eletrônica,Negative Exact
TQ | Pesquisa | Projetos de Engenharia,Produtos Eletrônicos e Hardware,terceirização de p&d,Negative Exact
TQ | Pesquisa | Projetos de Engenharia,Produtos Eletrônicos e Hardware,desenvolvimento eletrônico terceirizado,Negative Exact
TQ | Pesquisa | Projetos de Engenharia,Produtos Eletrônicos e Hardware,terceirização de desenvolvimento eletrônico,Negative Exact
TQ | Pesquisa | Projetos de Engenharia,Produtos Eletrônicos e Hardware,diagnóstico técnico de equipamento eletrônico,Negative Exact
TQ | Pesquisa | Projetos de Engenharia,Produtos Eletrônicos e Hardware,análise de falha em placa eletrônica,Negative Exact
TQ | Pesquisa | Projetos de Engenharia,Produtos Eletrônicos e Hardware,análise de falha em equipamento eletrônico,Negative Exact
TQ | Pesquisa | Projetos de Engenharia,Produtos Eletrônicos e Hardware,consultoria em eletrônica,Negative Exact
TQ | Pesquisa | Projetos de Engenharia,Produtos Eletrônicos e Hardware,consultoria em hardware eletrônico,Negative Exact
TQ | Pesquisa | Projetos de Engenharia,Produtos Eletrônicos e Hardware,consultoria em sistemas embarcados,Negative Exact
TQ | Pesquisa | Projetos de Engenharia,Produtos Eletrônicos e Hardware,revisão de projeto eletrônico,Negative Exact
TQ | Pesquisa | Projetos de Engenharia,Produtos Eletrônicos e Hardware,análise de projeto eletrônico,Negative Exact
TQ | Pesquisa | Projetos de Engenharia,Produtos Eletrônicos e Hardware,laudo técnico de equipamento eletrônico,Negative Exact
TQ | Pesquisa | Projetos de Engenharia,Produtos Eletrônicos e Hardware,problema de ruído em placa eletrônica,Negative Exact
TQ | Pesquisa | Projetos de Engenharia,Produtos Eletrônicos e Hardware,falha intermitente em equipamento eletrônico,Negative Exact
TQ | Pesquisa | Projetos de Engenharia,Produtos Eletrônicos e Hardware,empresa de consultoria em eletrônica,Negative Exact
TQ | Pesquisa | Projetos de Engenharia,Projeto de PCB,comprar pcb,Negative Phrase
TQ | Pesquisa | Projetos de Engenharia,Projeto de PCB,fábrica de pcb,Negative Phrase
TQ | Pesquisa | Projetos de Engenharia,Projeto de PCB,fabricação de pcb,Negative Phrase
TQ | Pesquisa | Projetos de Engenharia,Projeto de PCB,montagem de pcb,Negative Phrase
TQ | Pesquisa | Projetos de Engenharia,Projeto de PCB,pcb china,Negative Phrase
TQ | Pesquisa | Projetos de Engenharia,Projeto de PCB,placa universal,Negative Phrase
TQ | Pesquisa | Projetos de Engenharia,Projeto de PCB,pcb way,Negative Phrase
TQ | Pesquisa | Projetos de Engenharia,Projeto de PCB,jlcpcb,Negative Phrase
TQ | Pesquisa | Projetos de Engenharia,Projeto de PCB,pcb preço,Negative Phrase
TQ | Pesquisa | Projetos de Engenharia,Projeto de PCB,placa de fenolite,Negative Phrase
TQ | Pesquisa | Projetos de Engenharia,Projeto de PCB,placa perfurada,Negative Phrase
TQ | Pesquisa | Projetos de Engenharia,Projeto de PCB,desenvolvimento de produtos eletrônicos,Negative Exact
TQ | Pesquisa | Projetos de Engenharia,Projeto de PCB,empresa de desenvolvimento de produtos eletrônicos,Negative Exact
TQ | Pesquisa | Projetos de Engenharia,Projeto de PCB,desenvolvimento de projetos eletrônicos,Negative Exact
TQ | Pesquisa | Projetos de Engenharia,Projeto de PCB,empresa de projetos eletrônicos,Negative Exact
TQ | Pesquisa | Projetos de Engenharia,Projeto de PCB,desenvolvimento de protótipos eletrônicos,Negative Exact
TQ | Pesquisa | Projetos de Engenharia,Projeto de PCB,desenvolvimento de protótipo eletrônico,Negative Exact
TQ | Pesquisa | Projetos de Engenharia,Projeto de PCB,protótipo eletrônico funcional,Negative Exact
TQ | Pesquisa | Projetos de Engenharia,Projeto de PCB,criar produto eletrônico,Negative Exact
TQ | Pesquisa | Projetos de Engenharia,Projeto de PCB,engenharia de produto eletrônico,Negative Exact
TQ | Pesquisa | Projetos de Engenharia,Projeto de PCB,transformar ideia em produto eletrônico,Negative Exact
TQ | Pesquisa | Projetos de Engenharia,Projeto de PCB,desenvolvimento de hardware,Negative Exact
TQ | Pesquisa | Projetos de Engenharia,Projeto de PCB,empresa de desenvolvimento de hardware,Negative Exact
TQ | Pesquisa | Projetos de Engenharia,Projeto de PCB,projeto de hardware eletrônico,Negative Exact
TQ | Pesquisa | Projetos de Engenharia,Projeto de PCB,desenvolvimento de hardware sob medida,Negative Exact
TQ | Pesquisa | Projetos de Engenharia,Projeto de PCB,projeto de circuito eletrônico,Negative Exact
TQ | Pesquisa | Projetos de Engenharia,Projeto de PCB,engenharia eletrônica sob demanda,Negative Exact
TQ | Pesquisa | Projetos de Engenharia,Projeto de PCB,desenvolvimento de eletrônica embarcada,Negative Exact
TQ | Pesquisa | Projetos de Engenharia,Projeto de PCB,projeto eletrônico industrial,Negative Exact
TQ | Pesquisa | Projetos de Engenharia,Projeto de PCB,desenvolvimento de equipamento eletrônico industrial,Negative Exact
TQ | Pesquisa | Projetos de Engenharia,Projeto de PCB,desenvolvimento de equipamento sob encomenda,Negative Exact
TQ | Pesquisa | Projetos de Engenharia,Projeto de PCB,fabricante de equipamento eletrônico sob medida,Negative Exact
TQ | Pesquisa | Projetos de Engenharia,Projeto de PCB,desenvolvimento de firmware,Negative Exact
TQ | Pesquisa | Projetos de Engenharia,Projeto de PCB,empresa de desenvolvimento de firmware,Negative Exact
TQ | Pesquisa | Projetos de Engenharia,Projeto de PCB,empresa de firmware,Negative Exact
TQ | Pesquisa | Projetos de Engenharia,Projeto de PCB,programação de firmware,Negative Exact
TQ | Pesquisa | Projetos de Engenharia,Projeto de PCB,desenvolvimento de firmware embarcado,Negative Exact
TQ | Pesquisa | Projetos de Engenharia,Projeto de PCB,firmware sob medida,Negative Exact
TQ | Pesquisa | Projetos de Engenharia,Projeto de PCB,desenvolvimento de sistemas embarcados,Negative Exact
TQ | Pesquisa | Projetos de Engenharia,Projeto de PCB,empresa de sistemas embarcados,Negative Exact
TQ | Pesquisa | Projetos de Engenharia,Projeto de PCB,firmware para microcontrolador,Negative Exact
TQ | Pesquisa | Projetos de Engenharia,Projeto de PCB,programação de microcontrolador,Negative Exact
TQ | Pesquisa | Projetos de Engenharia,Projeto de PCB,desenvolvimento de software embarcado,Negative Exact
TQ | Pesquisa | Projetos de Engenharia,Projeto de PCB,terceirização de desenvolvimento de firmware,Negative Exact
TQ | Pesquisa | Projetos de Engenharia,Projeto de PCB,desenvolvimento embarcado para indústria,Negative Exact
TQ | Pesquisa | Projetos de Engenharia,Projeto de PCB,atualização remota de firmware,Negative Exact
TQ | Pesquisa | Projetos de Engenharia,Projeto de PCB,programação esp32,Negative Exact
TQ | Pesquisa | Projetos de Engenharia,Projeto de PCB,desenvolvimento com esp32,Negative Exact
TQ | Pesquisa | Projetos de Engenharia,Projeto de PCB,firmware esp32,Negative Exact
TQ | Pesquisa | Projetos de Engenharia,Projeto de PCB,desenvolvimento mqtt,Negative Exact
TQ | Pesquisa | Projetos de Engenharia,Projeto de PCB,integração modbus,Negative Exact
TQ | Pesquisa | Projetos de Engenharia,Projeto de PCB,comunicação modbus industrial,Negative Exact
TQ | Pesquisa | Projetos de Engenharia,Projeto de PCB,firmware com wifi e bluetooth,Negative Exact
TQ | Pesquisa | Projetos de Engenharia,Projeto de PCB,integração can bus industrial,Negative Exact
TQ | Pesquisa | Projetos de Engenharia,Projeto de PCB,terceirização de engenharia eletrônica,Negative Exact
TQ | Pesquisa | Projetos de Engenharia,Projeto de PCB,terceirização de engenharia,Negative Exact
TQ | Pesquisa | Projetos de Engenharia,Projeto de PCB,engenharia eletrônica terceirizada,Negative Exact
TQ | Pesquisa | Projetos de Engenharia,Projeto de PCB,empresa de engenharia terceirizada,Negative Exact
TQ | Pesquisa | Projetos de Engenharia,Projeto de PCB,outsourcing de engenharia eletrônica,Negative Exact
TQ | Pesquisa | Projetos de Engenharia,Projeto de PCB,outsourcing de engenharia,Negative Exact
TQ | Pesquisa | Projetos de Engenharia,Projeto de PCB,empresa de engenharia eletrônica,Negative Exact
TQ | Pesquisa | Projetos de Engenharia,Projeto de PCB,design house eletrônica,Negative Exact
TQ | Pesquisa | Projetos de Engenharia,Projeto de PCB,design house de eletrônica,Negative Exact
TQ | Pesquisa | Projetos de Engenharia,Projeto de PCB,parceiro de engenharia eletrônica,Negative Exact
TQ | Pesquisa | Projetos de Engenharia,Projeto de PCB,braço de engenharia eletrônica,Negative Exact
TQ | Pesquisa | Projetos de Engenharia,Projeto de PCB,empresa de p&d eletrônica,Negative Exact
TQ | Pesquisa | Projetos de Engenharia,Projeto de PCB,terceirização de p&d,Negative Exact
TQ | Pesquisa | Projetos de Engenharia,Projeto de PCB,desenvolvimento eletrônico terceirizado,Negative Exact
TQ | Pesquisa | Projetos de Engenharia,Projeto de PCB,terceirização de desenvolvimento eletrônico,Negative Exact
TQ | Pesquisa | Projetos de Engenharia,Projeto de PCB,diagnóstico técnico de equipamento eletrônico,Negative Exact
TQ | Pesquisa | Projetos de Engenharia,Projeto de PCB,análise de falha em placa eletrônica,Negative Exact
TQ | Pesquisa | Projetos de Engenharia,Projeto de PCB,análise de falha em equipamento eletrônico,Negative Exact
TQ | Pesquisa | Projetos de Engenharia,Projeto de PCB,consultoria em eletrônica,Negative Exact
TQ | Pesquisa | Projetos de Engenharia,Projeto de PCB,consultoria em hardware eletrônico,Negative Exact
TQ | Pesquisa | Projetos de Engenharia,Projeto de PCB,consultoria em sistemas embarcados,Negative Exact
TQ | Pesquisa | Projetos de Engenharia,Projeto de PCB,revisão de projeto eletrônico,Negative Exact
TQ | Pesquisa | Projetos de Engenharia,Projeto de PCB,análise de projeto eletrônico,Negative Exact
TQ | Pesquisa | Projetos de Engenharia,Projeto de PCB,laudo técnico de equipamento eletrônico,Negative Exact
TQ | Pesquisa | Projetos de Engenharia,Projeto de PCB,problema de ruído em placa eletrônica,Negative Exact
TQ | Pesquisa | Projetos de Engenharia,Projeto de PCB,falha intermitente em equipamento eletrônico,Negative Exact
TQ | Pesquisa | Projetos de Engenharia,Projeto de PCB,empresa de consultoria em eletrônica,Negative Exact
TQ | Pesquisa | Projetos de Engenharia,Firmware e Embarcados,atualizar firmware,Negative Phrase
TQ | Pesquisa | Projetos de Engenharia,Firmware e Embarcados,firmware do celular,Negative Phrase
TQ | Pesquisa | Projetos de Engenharia,Firmware e Embarcados,firmware da tv,Negative Phrase
TQ | Pesquisa | Projetos de Engenharia,Firmware e Embarcados,firmware da impressora,Negative Phrase
TQ | Pesquisa | Projetos de Engenharia,Firmware e Embarcados,baixar firmware,Negative Phrase
TQ | Pesquisa | Projetos de Engenharia,Firmware e Embarcados,flash firmware,Negative Phrase
TQ | Pesquisa | Projetos de Engenharia,Firmware e Embarcados,firmware box android,Negative Phrase
TQ | Pesquisa | Projetos de Engenharia,Firmware e Embarcados,firmware original,Negative Phrase
TQ | Pesquisa | Projetos de Engenharia,Firmware e Embarcados,firmware do roteador,Negative Phrase
TQ | Pesquisa | Projetos de Engenharia,Firmware e Embarcados,firmware receptor,Negative Phrase
TQ | Pesquisa | Projetos de Engenharia,Firmware e Embarcados,comprar esp32,Negative Phrase
TQ | Pesquisa | Projetos de Engenharia,Firmware e Embarcados,esp32 preço,Negative Phrase
TQ | Pesquisa | Projetos de Engenharia,Firmware e Embarcados,esp32 datasheet,Negative Phrase
TQ | Pesquisa | Projetos de Engenharia,Firmware e Embarcados,esp32 pinagem,Negative Phrase
TQ | Pesquisa | Projetos de Engenharia,Firmware e Embarcados,esp32 pinout,Negative Phrase
TQ | Pesquisa | Projetos de Engenharia,Firmware e Embarcados,desenvolvimento de produtos eletrônicos,Negative Exact
TQ | Pesquisa | Projetos de Engenharia,Firmware e Embarcados,empresa de desenvolvimento de produtos eletrônicos,Negative Exact
TQ | Pesquisa | Projetos de Engenharia,Firmware e Embarcados,desenvolvimento de projetos eletrônicos,Negative Exact
TQ | Pesquisa | Projetos de Engenharia,Firmware e Embarcados,empresa de projetos eletrônicos,Negative Exact
TQ | Pesquisa | Projetos de Engenharia,Firmware e Embarcados,desenvolvimento de protótipos eletrônicos,Negative Exact
TQ | Pesquisa | Projetos de Engenharia,Firmware e Embarcados,desenvolvimento de protótipo eletrônico,Negative Exact
TQ | Pesquisa | Projetos de Engenharia,Firmware e Embarcados,protótipo eletrônico funcional,Negative Exact
TQ | Pesquisa | Projetos de Engenharia,Firmware e Embarcados,criar produto eletrônico,Negative Exact
TQ | Pesquisa | Projetos de Engenharia,Firmware e Embarcados,engenharia de produto eletrônico,Negative Exact
TQ | Pesquisa | Projetos de Engenharia,Firmware e Embarcados,transformar ideia em produto eletrônico,Negative Exact
TQ | Pesquisa | Projetos de Engenharia,Firmware e Embarcados,desenvolvimento de hardware,Negative Exact
TQ | Pesquisa | Projetos de Engenharia,Firmware e Embarcados,empresa de desenvolvimento de hardware,Negative Exact
TQ | Pesquisa | Projetos de Engenharia,Firmware e Embarcados,projeto de hardware eletrônico,Negative Exact
TQ | Pesquisa | Projetos de Engenharia,Firmware e Embarcados,desenvolvimento de hardware sob medida,Negative Exact
TQ | Pesquisa | Projetos de Engenharia,Firmware e Embarcados,projeto de circuito eletrônico,Negative Exact
TQ | Pesquisa | Projetos de Engenharia,Firmware e Embarcados,engenharia eletrônica sob demanda,Negative Exact
TQ | Pesquisa | Projetos de Engenharia,Firmware e Embarcados,desenvolvimento de eletrônica embarcada,Negative Exact
TQ | Pesquisa | Projetos de Engenharia,Firmware e Embarcados,projeto eletrônico industrial,Negative Exact
TQ | Pesquisa | Projetos de Engenharia,Firmware e Embarcados,desenvolvimento de equipamento eletrônico industrial,Negative Exact
TQ | Pesquisa | Projetos de Engenharia,Firmware e Embarcados,desenvolvimento de equipamento sob encomenda,Negative Exact
TQ | Pesquisa | Projetos de Engenharia,Firmware e Embarcados,fabricante de equipamento eletrônico sob medida,Negative Exact
TQ | Pesquisa | Projetos de Engenharia,Firmware e Embarcados,desenvolvimento de pcb,Negative Exact
TQ | Pesquisa | Projetos de Engenharia,Firmware e Embarcados,projeto de pcb,Negative Exact
TQ | Pesquisa | Projetos de Engenharia,Firmware e Embarcados,layout de pcb,Negative Exact
TQ | Pesquisa | Projetos de Engenharia,Firmware e Embarcados,projeto de placa eletrônica,Negative Exact
TQ | Pesquisa | Projetos de Engenharia,Firmware e Embarcados,desenvolvimento de placa de circuito impresso,Negative Exact
TQ | Pesquisa | Projetos de Engenharia,Firmware e Embarcados,projeto de placa de circuito impresso,Negative Exact
TQ | Pesquisa | Projetos de Engenharia,Firmware e Embarcados,revisão de projeto de pcb,Negative Exact
TQ | Pesquisa | Projetos de Engenharia,Firmware e Embarcados,empresa de projeto de pcb,Negative Exact
TQ | Pesquisa | Projetos de Engenharia,Firmware e Embarcados,design de placa eletrônica,Negative Exact
TQ | Pesquisa | Projetos de Engenharia,Firmware e Embarcados,layout de placa eletrônica,Negative Exact
TQ | Pesquisa | Projetos de Engenharia,Firmware e Embarcados,roteamento de pcb,Negative Exact
TQ | Pesquisa | Projetos de Engenharia,Firmware e Embarcados,projeto de pcb multicamadas,Negative Exact
TQ | Pesquisa | Projetos de Engenharia,Firmware e Embarcados,empresa de layout de pcb,Negative Exact
TQ | Pesquisa | Projetos de Engenharia,Firmware e Embarcados,terceirização de engenharia eletrônica,Negative Exact
TQ | Pesquisa | Projetos de Engenharia,Firmware e Embarcados,terceirização de engenharia,Negative Exact
TQ | Pesquisa | Projetos de Engenharia,Firmware e Embarcados,engenharia eletrônica terceirizada,Negative Exact
TQ | Pesquisa | Projetos de Engenharia,Firmware e Embarcados,empresa de engenharia terceirizada,Negative Exact
TQ | Pesquisa | Projetos de Engenharia,Firmware e Embarcados,outsourcing de engenharia eletrônica,Negative Exact
TQ | Pesquisa | Projetos de Engenharia,Firmware e Embarcados,outsourcing de engenharia,Negative Exact
TQ | Pesquisa | Projetos de Engenharia,Firmware e Embarcados,empresa de engenharia eletrônica,Negative Exact
TQ | Pesquisa | Projetos de Engenharia,Firmware e Embarcados,design house eletrônica,Negative Exact
TQ | Pesquisa | Projetos de Engenharia,Firmware e Embarcados,design house de eletrônica,Negative Exact
TQ | Pesquisa | Projetos de Engenharia,Firmware e Embarcados,parceiro de engenharia eletrônica,Negative Exact
TQ | Pesquisa | Projetos de Engenharia,Firmware e Embarcados,braço de engenharia eletrônica,Negative Exact
TQ | Pesquisa | Projetos de Engenharia,Firmware e Embarcados,empresa de p&d eletrônica,Negative Exact
TQ | Pesquisa | Projetos de Engenharia,Firmware e Embarcados,terceirização de p&d,Negative Exact
TQ | Pesquisa | Projetos de Engenharia,Firmware e Embarcados,desenvolvimento eletrônico terceirizado,Negative Exact
TQ | Pesquisa | Projetos de Engenharia,Firmware e Embarcados,terceirização de desenvolvimento eletrônico,Negative Exact
TQ | Pesquisa | Projetos de Engenharia,Firmware e Embarcados,diagnóstico técnico de equipamento eletrônico,Negative Exact
TQ | Pesquisa | Projetos de Engenharia,Firmware e Embarcados,análise de falha em placa eletrônica,Negative Exact
TQ | Pesquisa | Projetos de Engenharia,Firmware e Embarcados,análise de falha em equipamento eletrônico,Negative Exact
TQ | Pesquisa | Projetos de Engenharia,Firmware e Embarcados,consultoria em eletrônica,Negative Exact
TQ | Pesquisa | Projetos de Engenharia,Firmware e Embarcados,consultoria em hardware eletrônico,Negative Exact
TQ | Pesquisa | Projetos de Engenharia,Firmware e Embarcados,consultoria em sistemas embarcados,Negative Exact
TQ | Pesquisa | Projetos de Engenharia,Firmware e Embarcados,revisão de projeto eletrônico,Negative Exact
TQ | Pesquisa | Projetos de Engenharia,Firmware e Embarcados,análise de projeto eletrônico,Negative Exact
TQ | Pesquisa | Projetos de Engenharia,Firmware e Embarcados,laudo técnico de equipamento eletrônico,Negative Exact
TQ | Pesquisa | Projetos de Engenharia,Firmware e Embarcados,problema de ruído em placa eletrônica,Negative Exact
TQ | Pesquisa | Projetos de Engenharia,Firmware e Embarcados,falha intermitente em equipamento eletrônico,Negative Exact
TQ | Pesquisa | Projetos de Engenharia,Firmware e Embarcados,empresa de consultoria em eletrônica,Negative Exact
TQ | Pesquisa | Projetos de Engenharia,Terceirização de Engenharia,terceirização de mão de obra,Negative Phrase
TQ | Pesquisa | Projetos de Engenharia,Terceirização de Engenharia,empresa de terceirização de serviços,Negative Phrase
TQ | Pesquisa | Projetos de Engenharia,Terceirização de Engenharia,terceirização de limpeza,Negative Phrase
TQ | Pesquisa | Projetos de Engenharia,Terceirização de Engenharia,terceirização de rh,Negative Phrase
TQ | Pesquisa | Projetos de Engenharia,Terceirização de Engenharia,terceirização de ti,Negative Phrase
TQ | Pesquisa | Projetos de Engenharia,Terceirização de Engenharia,terceirização de folha,Negative Phrase
TQ | Pesquisa | Projetos de Engenharia,Terceirização de Engenharia,cooperativa de trabalho,Negative Phrase
TQ | Pesquisa | Projetos de Engenharia,Terceirização de Engenharia,pj ou clt,Negative Phrase
TQ | Pesquisa | Projetos de Engenharia,Terceirização de Engenharia,body shop,Negative Phrase
TQ | Pesquisa | Projetos de Engenharia,Terceirização de Engenharia,alocação de profissionais,Negative Phrase
TQ | Pesquisa | Projetos de Engenharia,Terceirização de Engenharia,engenharia civil,Negative Phrase
TQ | Pesquisa | Projetos de Engenharia,Terceirização de Engenharia,engenharia de segurança,Negative Phrase
TQ | Pesquisa | Projetos de Engenharia,Terceirização de Engenharia,art engenheiro,Negative Phrase
TQ | Pesquisa | Projetos de Engenharia,Terceirização de Engenharia,crea,Negative Phrase
TQ | Pesquisa | Projetos de Engenharia,Terceirização de Engenharia,desenvolvimento de produtos eletrônicos,Negative Exact
TQ | Pesquisa | Projetos de Engenharia,Terceirização de Engenharia,empresa de desenvolvimento de produtos eletrônicos,Negative Exact
TQ | Pesquisa | Projetos de Engenharia,Terceirização de Engenharia,desenvolvimento de projetos eletrônicos,Negative Exact
TQ | Pesquisa | Projetos de Engenharia,Terceirização de Engenharia,empresa de projetos eletrônicos,Negative Exact
TQ | Pesquisa | Projetos de Engenharia,Terceirização de Engenharia,desenvolvimento de protótipos eletrônicos,Negative Exact
TQ | Pesquisa | Projetos de Engenharia,Terceirização de Engenharia,desenvolvimento de protótipo eletrônico,Negative Exact
TQ | Pesquisa | Projetos de Engenharia,Terceirização de Engenharia,protótipo eletrônico funcional,Negative Exact
TQ | Pesquisa | Projetos de Engenharia,Terceirização de Engenharia,criar produto eletrônico,Negative Exact
TQ | Pesquisa | Projetos de Engenharia,Terceirização de Engenharia,engenharia de produto eletrônico,Negative Exact
TQ | Pesquisa | Projetos de Engenharia,Terceirização de Engenharia,transformar ideia em produto eletrônico,Negative Exact
TQ | Pesquisa | Projetos de Engenharia,Terceirização de Engenharia,desenvolvimento de hardware,Negative Exact
TQ | Pesquisa | Projetos de Engenharia,Terceirização de Engenharia,empresa de desenvolvimento de hardware,Negative Exact
TQ | Pesquisa | Projetos de Engenharia,Terceirização de Engenharia,projeto de hardware eletrônico,Negative Exact
TQ | Pesquisa | Projetos de Engenharia,Terceirização de Engenharia,desenvolvimento de hardware sob medida,Negative Exact
TQ | Pesquisa | Projetos de Engenharia,Terceirização de Engenharia,projeto de circuito eletrônico,Negative Exact
TQ | Pesquisa | Projetos de Engenharia,Terceirização de Engenharia,engenharia eletrônica sob demanda,Negative Exact
TQ | Pesquisa | Projetos de Engenharia,Terceirização de Engenharia,desenvolvimento de eletrônica embarcada,Negative Exact
TQ | Pesquisa | Projetos de Engenharia,Terceirização de Engenharia,projeto eletrônico industrial,Negative Exact
TQ | Pesquisa | Projetos de Engenharia,Terceirização de Engenharia,desenvolvimento de equipamento eletrônico industrial,Negative Exact
TQ | Pesquisa | Projetos de Engenharia,Terceirização de Engenharia,desenvolvimento de equipamento sob encomenda,Negative Exact
TQ | Pesquisa | Projetos de Engenharia,Terceirização de Engenharia,fabricante de equipamento eletrônico sob medida,Negative Exact
TQ | Pesquisa | Projetos de Engenharia,Terceirização de Engenharia,desenvolvimento de pcb,Negative Exact
TQ | Pesquisa | Projetos de Engenharia,Terceirização de Engenharia,projeto de pcb,Negative Exact
TQ | Pesquisa | Projetos de Engenharia,Terceirização de Engenharia,layout de pcb,Negative Exact
TQ | Pesquisa | Projetos de Engenharia,Terceirização de Engenharia,projeto de placa eletrônica,Negative Exact
TQ | Pesquisa | Projetos de Engenharia,Terceirização de Engenharia,desenvolvimento de placa de circuito impresso,Negative Exact
TQ | Pesquisa | Projetos de Engenharia,Terceirização de Engenharia,projeto de placa de circuito impresso,Negative Exact
TQ | Pesquisa | Projetos de Engenharia,Terceirização de Engenharia,revisão de projeto de pcb,Negative Exact
TQ | Pesquisa | Projetos de Engenharia,Terceirização de Engenharia,empresa de projeto de pcb,Negative Exact
TQ | Pesquisa | Projetos de Engenharia,Terceirização de Engenharia,design de placa eletrônica,Negative Exact
TQ | Pesquisa | Projetos de Engenharia,Terceirização de Engenharia,layout de placa eletrônica,Negative Exact
TQ | Pesquisa | Projetos de Engenharia,Terceirização de Engenharia,roteamento de pcb,Negative Exact
TQ | Pesquisa | Projetos de Engenharia,Terceirização de Engenharia,projeto de pcb multicamadas,Negative Exact
TQ | Pesquisa | Projetos de Engenharia,Terceirização de Engenharia,empresa de layout de pcb,Negative Exact
TQ | Pesquisa | Projetos de Engenharia,Terceirização de Engenharia,desenvolvimento de firmware,Negative Exact
TQ | Pesquisa | Projetos de Engenharia,Terceirização de Engenharia,empresa de desenvolvimento de firmware,Negative Exact
TQ | Pesquisa | Projetos de Engenharia,Terceirização de Engenharia,empresa de firmware,Negative Exact
TQ | Pesquisa | Projetos de Engenharia,Terceirização de Engenharia,programação de firmware,Negative Exact
TQ | Pesquisa | Projetos de Engenharia,Terceirização de Engenharia,desenvolvimento de firmware embarcado,Negative Exact
TQ | Pesquisa | Projetos de Engenharia,Terceirização de Engenharia,firmware sob medida,Negative Exact
TQ | Pesquisa | Projetos de Engenharia,Terceirização de Engenharia,desenvolvimento de sistemas embarcados,Negative Exact
TQ | Pesquisa | Projetos de Engenharia,Terceirização de Engenharia,empresa de sistemas embarcados,Negative Exact
TQ | Pesquisa | Projetos de Engenharia,Terceirização de Engenharia,firmware para microcontrolador,Negative Exact
TQ | Pesquisa | Projetos de Engenharia,Terceirização de Engenharia,programação de microcontrolador,Negative Exact
TQ | Pesquisa | Projetos de Engenharia,Terceirização de Engenharia,desenvolvimento de software embarcado,Negative Exact
TQ | Pesquisa | Projetos de Engenharia,Terceirização de Engenharia,terceirização de desenvolvimento de firmware,Negative Exact
TQ | Pesquisa | Projetos de Engenharia,Terceirização de Engenharia,desenvolvimento embarcado para indústria,Negative Exact
TQ | Pesquisa | Projetos de Engenharia,Terceirização de Engenharia,atualização remota de firmware,Negative Exact
TQ | Pesquisa | Projetos de Engenharia,Terceirização de Engenharia,programação esp32,Negative Exact
TQ | Pesquisa | Projetos de Engenharia,Terceirização de Engenharia,desenvolvimento com esp32,Negative Exact
TQ | Pesquisa | Projetos de Engenharia,Terceirização de Engenharia,firmware esp32,Negative Exact
TQ | Pesquisa | Projetos de Engenharia,Terceirização de Engenharia,desenvolvimento mqtt,Negative Exact
TQ | Pesquisa | Projetos de Engenharia,Terceirização de Engenharia,integração modbus,Negative Exact
TQ | Pesquisa | Projetos de Engenharia,Terceirização de Engenharia,comunicação modbus industrial,Negative Exact
TQ | Pesquisa | Projetos de Engenharia,Terceirização de Engenharia,firmware com wifi e bluetooth,Negative Exact
TQ | Pesquisa | Projetos de Engenharia,Terceirização de Engenharia,integração can bus industrial,Negative Exact
TQ | Pesquisa | Projetos de Engenharia,Terceirização de Engenharia,diagnóstico técnico de equipamento eletrônico,Negative Exact
TQ | Pesquisa | Projetos de Engenharia,Terceirização de Engenharia,análise de falha em placa eletrônica,Negative Exact
TQ | Pesquisa | Projetos de Engenharia,Terceirização de Engenharia,análise de falha em equipamento eletrônico,Negative Exact
TQ | Pesquisa | Projetos de Engenharia,Terceirização de Engenharia,consultoria em eletrônica,Negative Exact
TQ | Pesquisa | Projetos de Engenharia,Terceirização de Engenharia,consultoria em hardware eletrônico,Negative Exact
TQ | Pesquisa | Projetos de Engenharia,Terceirização de Engenharia,consultoria em sistemas embarcados,Negative Exact
TQ | Pesquisa | Projetos de Engenharia,Terceirização de Engenharia,revisão de projeto eletrônico,Negative Exact
TQ | Pesquisa | Projetos de Engenharia,Terceirização de Engenharia,análise de projeto eletrônico,Negative Exact
TQ | Pesquisa | Projetos de Engenharia,Terceirização de Engenharia,laudo técnico de equipamento eletrônico,Negative Exact
TQ | Pesquisa | Projetos de Engenharia,Terceirização de Engenharia,problema de ruído em placa eletrônica,Negative Exact
TQ | Pesquisa | Projetos de Engenharia,Terceirização de Engenharia,falha intermitente em equipamento eletrônico,Negative Exact
TQ | Pesquisa | Projetos de Engenharia,Terceirização de Engenharia,empresa de consultoria em eletrônica,Negative Exact
TQ | Pesquisa | Projetos de Engenharia,Diagnóstico e Consultoria Técnica,diagnóstico automotivo,Negative Phrase
TQ | Pesquisa | Projetos de Engenharia,Diagnóstico e Consultoria Técnica,scanner automotivo,Negative Phrase
TQ | Pesquisa | Projetos de Engenharia,Diagnóstico e Consultoria Técnica,conserto de placa de tv,Negative Phrase
TQ | Pesquisa | Projetos de Engenharia,Diagnóstico e Consultoria Técnica,conserto de fonte,Negative Phrase
TQ | Pesquisa | Projetos de Engenharia,Diagnóstico e Consultoria Técnica,conserto de placa de máquina de lavar,Negative Phrase
TQ | Pesquisa | Projetos de Engenharia,Diagnóstico e Consultoria Técnica,consultoria empresarial,Negative Phrase
TQ | Pesquisa | Projetos de Engenharia,Diagnóstico e Consultoria Técnica,consultoria financeira,Negative Phrase
TQ | Pesquisa | Projetos de Engenharia,Diagnóstico e Consultoria Técnica,consultoria de marketing,Negative Phrase
TQ | Pesquisa | Projetos de Engenharia,Diagnóstico e Consultoria Técnica,consultoria de rh,Negative Phrase
TQ | Pesquisa | Projetos de Engenharia,Diagnóstico e Consultoria Técnica,consultoria contábil,Negative Phrase
TQ | Pesquisa | Projetos de Engenharia,Diagnóstico e Consultoria Técnica,laudo de instalação elétrica,Negative Phrase
TQ | Pesquisa | Projetos de Engenharia,Diagnóstico e Consultoria Técnica,laudo spda,Negative Phrase
TQ | Pesquisa | Projetos de Engenharia,Diagnóstico e Consultoria Técnica,art de instalação,Negative Phrase
TQ | Pesquisa | Projetos de Engenharia,Diagnóstico e Consultoria Técnica,diagnóstico organizacional,Negative Phrase
TQ | Pesquisa | Projetos de Engenharia,Diagnóstico e Consultoria Técnica,desenvolvimento de produtos eletrônicos,Negative Exact
TQ | Pesquisa | Projetos de Engenharia,Diagnóstico e Consultoria Técnica,empresa de desenvolvimento de produtos eletrônicos,Negative Exact
TQ | Pesquisa | Projetos de Engenharia,Diagnóstico e Consultoria Técnica,desenvolvimento de projetos eletrônicos,Negative Exact
TQ | Pesquisa | Projetos de Engenharia,Diagnóstico e Consultoria Técnica,empresa de projetos eletrônicos,Negative Exact
TQ | Pesquisa | Projetos de Engenharia,Diagnóstico e Consultoria Técnica,desenvolvimento de protótipos eletrônicos,Negative Exact
TQ | Pesquisa | Projetos de Engenharia,Diagnóstico e Consultoria Técnica,desenvolvimento de protótipo eletrônico,Negative Exact
TQ | Pesquisa | Projetos de Engenharia,Diagnóstico e Consultoria Técnica,protótipo eletrônico funcional,Negative Exact
TQ | Pesquisa | Projetos de Engenharia,Diagnóstico e Consultoria Técnica,criar produto eletrônico,Negative Exact
TQ | Pesquisa | Projetos de Engenharia,Diagnóstico e Consultoria Técnica,engenharia de produto eletrônico,Negative Exact
TQ | Pesquisa | Projetos de Engenharia,Diagnóstico e Consultoria Técnica,transformar ideia em produto eletrônico,Negative Exact
TQ | Pesquisa | Projetos de Engenharia,Diagnóstico e Consultoria Técnica,desenvolvimento de hardware,Negative Exact
TQ | Pesquisa | Projetos de Engenharia,Diagnóstico e Consultoria Técnica,empresa de desenvolvimento de hardware,Negative Exact
TQ | Pesquisa | Projetos de Engenharia,Diagnóstico e Consultoria Técnica,projeto de hardware eletrônico,Negative Exact
TQ | Pesquisa | Projetos de Engenharia,Diagnóstico e Consultoria Técnica,desenvolvimento de hardware sob medida,Negative Exact
TQ | Pesquisa | Projetos de Engenharia,Diagnóstico e Consultoria Técnica,projeto de circuito eletrônico,Negative Exact
TQ | Pesquisa | Projetos de Engenharia,Diagnóstico e Consultoria Técnica,engenharia eletrônica sob demanda,Negative Exact
TQ | Pesquisa | Projetos de Engenharia,Diagnóstico e Consultoria Técnica,desenvolvimento de eletrônica embarcada,Negative Exact
TQ | Pesquisa | Projetos de Engenharia,Diagnóstico e Consultoria Técnica,projeto eletrônico industrial,Negative Exact
TQ | Pesquisa | Projetos de Engenharia,Diagnóstico e Consultoria Técnica,desenvolvimento de equipamento eletrônico industrial,Negative Exact
TQ | Pesquisa | Projetos de Engenharia,Diagnóstico e Consultoria Técnica,desenvolvimento de equipamento sob encomenda,Negative Exact
TQ | Pesquisa | Projetos de Engenharia,Diagnóstico e Consultoria Técnica,fabricante de equipamento eletrônico sob medida,Negative Exact
TQ | Pesquisa | Projetos de Engenharia,Diagnóstico e Consultoria Técnica,desenvolvimento de pcb,Negative Exact
TQ | Pesquisa | Projetos de Engenharia,Diagnóstico e Consultoria Técnica,projeto de pcb,Negative Exact
TQ | Pesquisa | Projetos de Engenharia,Diagnóstico e Consultoria Técnica,layout de pcb,Negative Exact
TQ | Pesquisa | Projetos de Engenharia,Diagnóstico e Consultoria Técnica,projeto de placa eletrônica,Negative Exact
TQ | Pesquisa | Projetos de Engenharia,Diagnóstico e Consultoria Técnica,desenvolvimento de placa de circuito impresso,Negative Exact
TQ | Pesquisa | Projetos de Engenharia,Diagnóstico e Consultoria Técnica,projeto de placa de circuito impresso,Negative Exact
TQ | Pesquisa | Projetos de Engenharia,Diagnóstico e Consultoria Técnica,revisão de projeto de pcb,Negative Exact
TQ | Pesquisa | Projetos de Engenharia,Diagnóstico e Consultoria Técnica,empresa de projeto de pcb,Negative Exact
TQ | Pesquisa | Projetos de Engenharia,Diagnóstico e Consultoria Técnica,design de placa eletrônica,Negative Exact
TQ | Pesquisa | Projetos de Engenharia,Diagnóstico e Consultoria Técnica,layout de placa eletrônica,Negative Exact
TQ | Pesquisa | Projetos de Engenharia,Diagnóstico e Consultoria Técnica,roteamento de pcb,Negative Exact
TQ | Pesquisa | Projetos de Engenharia,Diagnóstico e Consultoria Técnica,projeto de pcb multicamadas,Negative Exact
TQ | Pesquisa | Projetos de Engenharia,Diagnóstico e Consultoria Técnica,empresa de layout de pcb,Negative Exact
TQ | Pesquisa | Projetos de Engenharia,Diagnóstico e Consultoria Técnica,desenvolvimento de firmware,Negative Exact
TQ | Pesquisa | Projetos de Engenharia,Diagnóstico e Consultoria Técnica,empresa de desenvolvimento de firmware,Negative Exact
TQ | Pesquisa | Projetos de Engenharia,Diagnóstico e Consultoria Técnica,empresa de firmware,Negative Exact
TQ | Pesquisa | Projetos de Engenharia,Diagnóstico e Consultoria Técnica,programação de firmware,Negative Exact
TQ | Pesquisa | Projetos de Engenharia,Diagnóstico e Consultoria Técnica,desenvolvimento de firmware embarcado,Negative Exact
TQ | Pesquisa | Projetos de Engenharia,Diagnóstico e Consultoria Técnica,firmware sob medida,Negative Exact
TQ | Pesquisa | Projetos de Engenharia,Diagnóstico e Consultoria Técnica,desenvolvimento de sistemas embarcados,Negative Exact
TQ | Pesquisa | Projetos de Engenharia,Diagnóstico e Consultoria Técnica,empresa de sistemas embarcados,Negative Exact
TQ | Pesquisa | Projetos de Engenharia,Diagnóstico e Consultoria Técnica,firmware para microcontrolador,Negative Exact
TQ | Pesquisa | Projetos de Engenharia,Diagnóstico e Consultoria Técnica,programação de microcontrolador,Negative Exact
TQ | Pesquisa | Projetos de Engenharia,Diagnóstico e Consultoria Técnica,desenvolvimento de software embarcado,Negative Exact
TQ | Pesquisa | Projetos de Engenharia,Diagnóstico e Consultoria Técnica,terceirização de desenvolvimento de firmware,Negative Exact
TQ | Pesquisa | Projetos de Engenharia,Diagnóstico e Consultoria Técnica,desenvolvimento embarcado para indústria,Negative Exact
TQ | Pesquisa | Projetos de Engenharia,Diagnóstico e Consultoria Técnica,atualização remota de firmware,Negative Exact
TQ | Pesquisa | Projetos de Engenharia,Diagnóstico e Consultoria Técnica,programação esp32,Negative Exact
TQ | Pesquisa | Projetos de Engenharia,Diagnóstico e Consultoria Técnica,desenvolvimento com esp32,Negative Exact
TQ | Pesquisa | Projetos de Engenharia,Diagnóstico e Consultoria Técnica,firmware esp32,Negative Exact
TQ | Pesquisa | Projetos de Engenharia,Diagnóstico e Consultoria Técnica,desenvolvimento mqtt,Negative Exact
TQ | Pesquisa | Projetos de Engenharia,Diagnóstico e Consultoria Técnica,integração modbus,Negative Exact
TQ | Pesquisa | Projetos de Engenharia,Diagnóstico e Consultoria Técnica,comunicação modbus industrial,Negative Exact
TQ | Pesquisa | Projetos de Engenharia,Diagnóstico e Consultoria Técnica,firmware com wifi e bluetooth,Negative Exact
TQ | Pesquisa | Projetos de Engenharia,Diagnóstico e Consultoria Técnica,integração can bus industrial,Negative Exact
TQ | Pesquisa | Projetos de Engenharia,Diagnóstico e Consultoria Técnica,terceirização de engenharia eletrônica,Negative Exact
TQ | Pesquisa | Projetos de Engenharia,Diagnóstico e Consultoria Técnica,terceirização de engenharia,Negative Exact
TQ | Pesquisa | Projetos de Engenharia,Diagnóstico e Consultoria Técnica,engenharia eletrônica terceirizada,Negative Exact
TQ | Pesquisa | Projetos de Engenharia,Diagnóstico e Consultoria Técnica,empresa de engenharia terceirizada,Negative Exact
TQ | Pesquisa | Projetos de Engenharia,Diagnóstico e Consultoria Técnica,outsourcing de engenharia eletrônica,Negative Exact
TQ | Pesquisa | Projetos de Engenharia,Diagnóstico e Consultoria Técnica,outsourcing de engenharia,Negative Exact
TQ | Pesquisa | Projetos de Engenharia,Diagnóstico e Consultoria Técnica,empresa de engenharia eletrônica,Negative Exact
TQ | Pesquisa | Projetos de Engenharia,Diagnóstico e Consultoria Técnica,design house eletrônica,Negative Exact
TQ | Pesquisa | Projetos de Engenharia,Diagnóstico e Consultoria Técnica,design house de eletrônica,Negative Exact
TQ | Pesquisa | Projetos de Engenharia,Diagnóstico e Consultoria Técnica,parceiro de engenharia eletrônica,Negative Exact
TQ | Pesquisa | Projetos de Engenharia,Diagnóstico e Consultoria Técnica,braço de engenharia eletrônica,Negative Exact
TQ | Pesquisa | Projetos de Engenharia,Diagnóstico e Consultoria Técnica,empresa de p&d eletrônica,Negative Exact
TQ | Pesquisa | Projetos de Engenharia,Diagnóstico e Consultoria Técnica,terceirização de p&d,Negative Exact
TQ | Pesquisa | Projetos de Engenharia,Diagnóstico e Consultoria Técnica,desenvolvimento eletrônico terceirizado,Negative Exact
TQ | Pesquisa | Projetos de Engenharia,Diagnóstico e Consultoria Técnica,terceirização de desenvolvimento eletrônico,Negative Exact
TQ | Pesquisa | Indústria Conectada,Monitoramento Remoto e Telemetria,rastreador veicular,Negative Phrase
TQ | Pesquisa | Indústria Conectada,Monitoramento Remoto e Telemetria,rastreamento de veículos,Negative Phrase
TQ | Pesquisa | Indústria Conectada,Monitoramento Remoto e Telemetria,rastreamento de frota,Negative Phrase
TQ | Pesquisa | Indústria Conectada,Monitoramento Remoto e Telemetria,monitoramento de veículos,Negative Phrase
TQ | Pesquisa | Indústria Conectada,Monitoramento Remoto e Telemetria,monitoramento de rede,Negative Phrase
TQ | Pesquisa | Indústria Conectada,Monitoramento Remoto e Telemetria,câmera de monitoramento,Negative Phrase
TQ | Pesquisa | Indústria Conectada,Monitoramento Remoto e Telemetria,monitoramento de alarme residencial,Negative Phrase
TQ | Pesquisa | Indústria Conectada,Monitoramento Remoto e Telemetria,monitoramento de servidores,Negative Phrase
TQ | Pesquisa | Indústria Conectada,Monitoramento Remoto e Telemetria,monitoramento de redes sociais,Negative Phrase
TQ | Pesquisa | Indústria Conectada,Monitoramento Remoto e Telemetria,monitoramento de ponto eletrônico,Negative Phrase
TQ | Pesquisa | Indústria Conectada,Monitoramento Remoto e Telemetria,soluções iot industrial,Negative Exact
TQ | Pesquisa | Indústria Conectada,Monitoramento Remoto e Telemetria,empresa de iot,Negative Exact
TQ | Pesquisa | Indústria Conectada,Monitoramento Remoto e Telemetria,empresa de iot industrial,Negative Exact
TQ | Pesquisa | Indústria Conectada,Monitoramento Remoto e Telemetria,desenvolvimento iot,Negative Exact
TQ | Pesquisa | Indústria Conectada,Monitoramento Remoto e Telemetria,desenvolvimento de solução iot,Negative Exact
TQ | Pesquisa | Indústria Conectada,Monitoramento Remoto e Telemetria,projeto de iot para indústria,Negative Exact
TQ | Pesquisa | Indústria Conectada,Monitoramento Remoto e Telemetria,sensores iot industriais,Negative Exact
TQ | Pesquisa | Indústria Conectada,Monitoramento Remoto e Telemetria,gateway iot industrial,Negative Exact
TQ | Pesquisa | Indústria Conectada,Monitoramento Remoto e Telemetria,rede de sensores conectados,Negative Exact
TQ | Pesquisa | Indústria Conectada,Monitoramento Remoto e Telemetria,iot industrial,Negative Exact
TQ | Pesquisa | Indústria Conectada,Monitoramento Remoto e Telemetria,coleta de dados de máquinas,Negative Exact
TQ | Pesquisa | Indústria Conectada,Monitoramento Remoto e Telemetria,coleta de dados chão de fábrica,Negative Exact
TQ | Pesquisa | Indústria Conectada,Monitoramento Remoto e Telemetria,coleta automática de dados de produção,Negative Exact
TQ | Pesquisa | Indústria Conectada,Monitoramento Remoto e Telemetria,sistema de coleta de dados industrial,Negative Exact
TQ | Pesquisa | Indústria Conectada,Monitoramento Remoto e Telemetria,monitoramento de produção industrial,Negative Exact
TQ | Pesquisa | Indústria Conectada,Monitoramento Remoto e Telemetria,sistema de monitoramento de produção,Negative Exact
TQ | Pesquisa | Indústria Conectada,Monitoramento Remoto e Telemetria,monitoramento de chão de fábrica,Negative Exact
TQ | Pesquisa | Indústria Conectada,Monitoramento Remoto e Telemetria,apontamento de produção automático,Negative Exact
TQ | Pesquisa | Indústria Conectada,Monitoramento Remoto e Telemetria,sistema de apontamento de produção,Negative Exact
TQ | Pesquisa | Indústria Conectada,Monitoramento Remoto e Telemetria,sistema de oee,Negative Exact
TQ | Pesquisa | Indústria Conectada,Monitoramento Remoto e Telemetria,monitoramento de oee,Negative Exact
TQ | Pesquisa | Indústria Conectada,Monitoramento Remoto e Telemetria,indicador de oee industrial,Negative Exact
TQ | Pesquisa | Indústria Conectada,Monitoramento Remoto e Telemetria,monitoramento de parada de máquina,Negative Exact
TQ | Pesquisa | Indústria Conectada,Monitoramento Remoto e Telemetria,conectar máquina antiga à rede,Negative Exact
TQ | Pesquisa | Indústria Conectada,Monitoramento Remoto e Telemetria,integração de máquinas com sistema,Negative Exact
TQ | Pesquisa | Indústria Conectada,Monitoramento Remoto e Telemetria,digitalização do chão de fábrica,Negative Exact
TQ | Pesquisa | Indústria Conectada,Monitoramento Remoto e Telemetria,manutenção preditiva industrial,Negative Exact
TQ | Pesquisa | Indústria Conectada,Monitoramento Remoto e Telemetria,sistema de manutenção preditiva,Negative Exact
TQ | Pesquisa | Indústria Conectada,Monitoramento Remoto e Telemetria,manutenção preditiva com iot,Negative Exact
TQ | Pesquisa | Indústria Conectada,Monitoramento Remoto e Telemetria,manutenção industrial com sensores,Negative Exact
TQ | Pesquisa | Indústria Conectada,Monitoramento Remoto e Telemetria,monitoramento de manutenção industrial,Negative Exact
TQ | Pesquisa | Indústria Conectada,Monitoramento Remoto e Telemetria,sensor de vibração para manutenção preditiva,Negative Exact
TQ | Pesquisa | Indústria Conectada,Monitoramento Remoto e Telemetria,monitoramento de vibração de motores,Negative Exact
TQ | Pesquisa | Indústria Conectada,Monitoramento Remoto e Telemetria,retrofit de máquinas,Negative Exact
TQ | Pesquisa | Indústria Conectada,Monitoramento Remoto e Telemetria,retrofit de máquinas industriais,Negative Exact
TQ | Pesquisa | Indústria Conectada,Monitoramento Remoto e Telemetria,retrofit de equipamento industrial,Negative Exact
TQ | Pesquisa | Indústria Conectada,Monitoramento Remoto e Telemetria,retrofit industrial,Negative Exact
TQ | Pesquisa | Indústria Conectada,Monitoramento Remoto e Telemetria,empresa de retrofit de máquinas,Negative Exact
TQ | Pesquisa | Indústria Conectada,Monitoramento Remoto e Telemetria,modernização de máquinas industriais,Negative Exact
TQ | Pesquisa | Indústria Conectada,Monitoramento Remoto e Telemetria,modernização de equipamentos industriais,Negative Exact
TQ | Pesquisa | Indústria Conectada,Monitoramento Remoto e Telemetria,modernização de linha de produção,Negative Exact
TQ | Pesquisa | Indústria Conectada,Monitoramento Remoto e Telemetria,automatizar máquina antiga,Negative Exact
TQ | Pesquisa | Indústria Conectada,Monitoramento Remoto e Telemetria,atualizar máquina antiga,Negative Exact
TQ | Pesquisa | Indústria Conectada,Monitoramento Remoto e Telemetria,troca de comando de máquina,Negative Exact
TQ | Pesquisa | Indústria Conectada,Monitoramento Remoto e Telemetria,eletrônica nova para máquina antiga,Negative Exact
TQ | Pesquisa | Indústria Conectada,Monitoramento Remoto e Telemetria,aplicativo para controlar equipamento,Negative Exact
TQ | Pesquisa | Indústria Conectada,Monitoramento Remoto e Telemetria,aplicativo para monitorar equipamento,Negative Exact
TQ | Pesquisa | Indústria Conectada,Monitoramento Remoto e Telemetria,desenvolvimento de aplicativo para equipamento,Negative Exact
TQ | Pesquisa | Indústria Conectada,Monitoramento Remoto e Telemetria,aplicativo conectado a equipamento,Negative Exact
TQ | Pesquisa | Indústria Conectada,Monitoramento Remoto e Telemetria,app para equipamento industrial,Negative Exact
TQ | Pesquisa | Indústria Conectada,Monitoramento Remoto e Telemetria,aplicativo bluetooth para equipamento,Negative Exact
TQ | Pesquisa | Indústria Conectada,Monitoramento Remoto e Telemetria,dashboard industrial,Negative Exact
TQ | Pesquisa | Indústria Conectada,Monitoramento Remoto e Telemetria,dashboard de monitoramento industrial,Negative Exact
TQ | Pesquisa | Indústria Conectada,Monitoramento Remoto e Telemetria,desenvolvimento de dashboard industrial,Negative Exact
TQ | Pesquisa | Indústria Conectada,Monitoramento Remoto e Telemetria,software de monitoramento de equipamentos,Negative Exact
TQ | Pesquisa | Indústria Conectada,Monitoramento Remoto e Telemetria,sistema de monitoramento de equipamentos,Negative Exact
TQ | Pesquisa | Indústria Conectada,Monitoramento Remoto e Telemetria,telemetria de máquinas agrícolas,Negative Exact
TQ | Pesquisa | Indústria Conectada,Monitoramento Remoto e Telemetria,telemetria agrícola,Negative Exact
TQ | Pesquisa | Indústria Conectada,Monitoramento Remoto e Telemetria,monitoramento de máquinas agrícolas,Negative Exact
TQ | Pesquisa | Indústria Conectada,Monitoramento Remoto e Telemetria,automação de implementos agrícolas,Negative Exact
TQ | Pesquisa | Indústria Conectada,Monitoramento Remoto e Telemetria,eletrônica embarcada agrícola,Negative Exact
TQ | Pesquisa | Indústria Conectada,Monitoramento Remoto e Telemetria,monitoramento de usina fotovoltaica,Negative Exact
TQ | Pesquisa | Indústria Conectada,Monitoramento Remoto e Telemetria,telemetria de usina solar,Negative Exact
TQ | Pesquisa | Indústria Conectada,Monitoramento Remoto e Telemetria,automação para usina fotovoltaica,Negative Exact
TQ | Pesquisa | Indústria Conectada,IoT Industrial,módulo iot preço,Negative Phrase
TQ | Pesquisa | Indústria Conectada,IoT Industrial,comprar sensor,Negative Phrase
TQ | Pesquisa | Indústria Conectada,IoT Industrial,chip iot operadora,Negative Phrase
TQ | Pesquisa | Indústria Conectada,IoT Industrial,plano de dados iot,Negative Phrase
TQ | Pesquisa | Indústria Conectada,IoT Industrial,iot barato,Negative Phrase
TQ | Pesquisa | Indústria Conectada,IoT Industrial,kit iot,Negative Phrase
TQ | Pesquisa | Indústria Conectada,IoT Industrial,monitoramento remoto de equipamentos,Negative Exact
TQ | Pesquisa | Indústria Conectada,IoT Industrial,sistema de monitoramento remoto,Negative Exact
TQ | Pesquisa | Indústria Conectada,IoT Industrial,monitoramento remoto industrial,Negative Exact
TQ | Pesquisa | Indústria Conectada,IoT Industrial,telemetria de equipamentos,Negative Exact
TQ | Pesquisa | Indústria Conectada,IoT Industrial,telemetria industrial,Negative Exact
TQ | Pesquisa | Indústria Conectada,IoT Industrial,empresa de telemetria industrial,Negative Exact
TQ | Pesquisa | Indústria Conectada,IoT Industrial,sistema de telemetria sob medida,Negative Exact
TQ | Pesquisa | Indústria Conectada,IoT Industrial,monitoramento de máquinas em tempo real,Negative Exact
TQ | Pesquisa | Indústria Conectada,IoT Industrial,monitoramento de ativos industriais,Negative Exact
TQ | Pesquisa | Indústria Conectada,IoT Industrial,alerta de falha em equipamento,Negative Exact
TQ | Pesquisa | Indústria Conectada,IoT Industrial,monitoramento remoto de motores,Negative Exact
TQ | Pesquisa | Indústria Conectada,IoT Industrial,monitoramento de temperatura remoto industrial,Negative Exact
TQ | Pesquisa | Indústria Conectada,IoT Industrial,reduzir parada de máquina,Negative Exact
TQ | Pesquisa | Indústria Conectada,IoT Industrial,coleta de dados de máquinas,Negative Exact
TQ | Pesquisa | Indústria Conectada,IoT Industrial,coleta de dados chão de fábrica,Negative Exact
TQ | Pesquisa | Indústria Conectada,IoT Industrial,coleta automática de dados de produção,Negative Exact
TQ | Pesquisa | Indústria Conectada,IoT Industrial,sistema de coleta de dados industrial,Negative Exact
TQ | Pesquisa | Indústria Conectada,IoT Industrial,monitoramento de produção industrial,Negative Exact
TQ | Pesquisa | Indústria Conectada,IoT Industrial,sistema de monitoramento de produção,Negative Exact
TQ | Pesquisa | Indústria Conectada,IoT Industrial,monitoramento de chão de fábrica,Negative Exact
TQ | Pesquisa | Indústria Conectada,IoT Industrial,apontamento de produção automático,Negative Exact
TQ | Pesquisa | Indústria Conectada,IoT Industrial,sistema de apontamento de produção,Negative Exact
TQ | Pesquisa | Indústria Conectada,IoT Industrial,sistema de oee,Negative Exact
TQ | Pesquisa | Indústria Conectada,IoT Industrial,monitoramento de oee,Negative Exact
TQ | Pesquisa | Indústria Conectada,IoT Industrial,indicador de oee industrial,Negative Exact
TQ | Pesquisa | Indústria Conectada,IoT Industrial,monitoramento de parada de máquina,Negative Exact
TQ | Pesquisa | Indústria Conectada,IoT Industrial,conectar máquina antiga à rede,Negative Exact
TQ | Pesquisa | Indústria Conectada,IoT Industrial,integração de máquinas com sistema,Negative Exact
TQ | Pesquisa | Indústria Conectada,IoT Industrial,digitalização do chão de fábrica,Negative Exact
TQ | Pesquisa | Indústria Conectada,IoT Industrial,manutenção preditiva industrial,Negative Exact
TQ | Pesquisa | Indústria Conectada,IoT Industrial,sistema de manutenção preditiva,Negative Exact
TQ | Pesquisa | Indústria Conectada,IoT Industrial,manutenção preditiva com iot,Negative Exact
TQ | Pesquisa | Indústria Conectada,IoT Industrial,manutenção industrial com sensores,Negative Exact
TQ | Pesquisa | Indústria Conectada,IoT Industrial,monitoramento de manutenção industrial,Negative Exact
TQ | Pesquisa | Indústria Conectada,IoT Industrial,sensor de vibração para manutenção preditiva,Negative Exact
TQ | Pesquisa | Indústria Conectada,IoT Industrial,monitoramento de vibração de motores,Negative Exact
TQ | Pesquisa | Indústria Conectada,IoT Industrial,retrofit de máquinas,Negative Exact
TQ | Pesquisa | Indústria Conectada,IoT Industrial,retrofit de máquinas industriais,Negative Exact
TQ | Pesquisa | Indústria Conectada,IoT Industrial,retrofit de equipamento industrial,Negative Exact
TQ | Pesquisa | Indústria Conectada,IoT Industrial,retrofit industrial,Negative Exact
TQ | Pesquisa | Indústria Conectada,IoT Industrial,empresa de retrofit de máquinas,Negative Exact
TQ | Pesquisa | Indústria Conectada,IoT Industrial,modernização de máquinas industriais,Negative Exact
TQ | Pesquisa | Indústria Conectada,IoT Industrial,modernização de equipamentos industriais,Negative Exact
TQ | Pesquisa | Indústria Conectada,IoT Industrial,modernização de linha de produção,Negative Exact
TQ | Pesquisa | Indústria Conectada,IoT Industrial,automatizar máquina antiga,Negative Exact
TQ | Pesquisa | Indústria Conectada,IoT Industrial,atualizar máquina antiga,Negative Exact
TQ | Pesquisa | Indústria Conectada,IoT Industrial,troca de comando de máquina,Negative Exact
TQ | Pesquisa | Indústria Conectada,IoT Industrial,eletrônica nova para máquina antiga,Negative Exact
TQ | Pesquisa | Indústria Conectada,IoT Industrial,aplicativo para controlar equipamento,Negative Exact
TQ | Pesquisa | Indústria Conectada,IoT Industrial,aplicativo para monitorar equipamento,Negative Exact
TQ | Pesquisa | Indústria Conectada,IoT Industrial,desenvolvimento de aplicativo para equipamento,Negative Exact
TQ | Pesquisa | Indústria Conectada,IoT Industrial,aplicativo conectado a equipamento,Negative Exact
TQ | Pesquisa | Indústria Conectada,IoT Industrial,app para equipamento industrial,Negative Exact
TQ | Pesquisa | Indústria Conectada,IoT Industrial,aplicativo bluetooth para equipamento,Negative Exact
TQ | Pesquisa | Indústria Conectada,IoT Industrial,dashboard industrial,Negative Exact
TQ | Pesquisa | Indústria Conectada,IoT Industrial,dashboard de monitoramento industrial,Negative Exact
TQ | Pesquisa | Indústria Conectada,IoT Industrial,desenvolvimento de dashboard industrial,Negative Exact
TQ | Pesquisa | Indústria Conectada,IoT Industrial,software de monitoramento de equipamentos,Negative Exact
TQ | Pesquisa | Indústria Conectada,IoT Industrial,sistema de monitoramento de equipamentos,Negative Exact
TQ | Pesquisa | Indústria Conectada,IoT Industrial,telemetria de máquinas agrícolas,Negative Exact
TQ | Pesquisa | Indústria Conectada,IoT Industrial,telemetria agrícola,Negative Exact
TQ | Pesquisa | Indústria Conectada,IoT Industrial,monitoramento de máquinas agrícolas,Negative Exact
TQ | Pesquisa | Indústria Conectada,IoT Industrial,automação de implementos agrícolas,Negative Exact
TQ | Pesquisa | Indústria Conectada,IoT Industrial,eletrônica embarcada agrícola,Negative Exact
TQ | Pesquisa | Indústria Conectada,IoT Industrial,monitoramento de usina fotovoltaica,Negative Exact
TQ | Pesquisa | Indústria Conectada,IoT Industrial,telemetria de usina solar,Negative Exact
TQ | Pesquisa | Indústria Conectada,IoT Industrial,automação para usina fotovoltaica,Negative Exact
TQ | Pesquisa | Indústria Conectada,Coleta de Dados e Produção,coleta seletiva,Negative Phrase
TQ | Pesquisa | Indústria Conectada,Coleta de Dados e Produção,coleta de lixo,Negative Phrase
TQ | Pesquisa | Indústria Conectada,Coleta de Dados e Produção,coleta de dados pesquisa,Negative Phrase
TQ | Pesquisa | Indústria Conectada,Coleta de Dados e Produção,coleta de dados qualitativa,Negative Phrase
TQ | Pesquisa | Indústria Conectada,Coleta de Dados e Produção,coleta de dados quantitativa,Negative Phrase
TQ | Pesquisa | Indústria Conectada,Coleta de Dados e Produção,metodologia de coleta de dados,Negative Phrase
TQ | Pesquisa | Indústria Conectada,Coleta de Dados e Produção,instrumento de coleta de dados,Negative Phrase
TQ | Pesquisa | Indústria Conectada,Coleta de Dados e Produção,técnicas de coleta de dados,Negative Phrase
TQ | Pesquisa | Indústria Conectada,Coleta de Dados e Produção,coleta de dados tcc,Negative Phrase
TQ | Pesquisa | Indústria Conectada,Coleta de Dados e Produção,formulário de coleta,Negative Phrase
TQ | Pesquisa | Indústria Conectada,Coleta de Dados e Produção,coleta de dados no excel,Negative Phrase
TQ | Pesquisa | Indústria Conectada,Coleta de Dados e Produção,planilha de oee,Negative Phrase
TQ | Pesquisa | Indústria Conectada,Coleta de Dados e Produção,oee excel,Negative Phrase
TQ | Pesquisa | Indústria Conectada,Coleta de Dados e Produção,como calcular oee,Negative Phrase
TQ | Pesquisa | Indústria Conectada,Coleta de Dados e Produção,fórmula do oee,Negative Phrase
TQ | Pesquisa | Indústria Conectada,Coleta de Dados e Produção,oee o que é,Negative Phrase
TQ | Pesquisa | Indústria Conectada,Coleta de Dados e Produção,coleta de dados lgpd,Negative Phrase
TQ | Pesquisa | Indústria Conectada,Coleta de Dados e Produção,web scraping,Negative Phrase
TQ | Pesquisa | Indústria Conectada,Coleta de Dados e Produção,monitoramento remoto de equipamentos,Negative Exact
TQ | Pesquisa | Indústria Conectada,Coleta de Dados e Produção,sistema de monitoramento remoto,Negative Exact
TQ | Pesquisa | Indústria Conectada,Coleta de Dados e Produção,monitoramento remoto industrial,Negative Exact
TQ | Pesquisa | Indústria Conectada,Coleta de Dados e Produção,telemetria de equipamentos,Negative Exact
TQ | Pesquisa | Indústria Conectada,Coleta de Dados e Produção,telemetria industrial,Negative Exact
TQ | Pesquisa | Indústria Conectada,Coleta de Dados e Produção,empresa de telemetria industrial,Negative Exact
TQ | Pesquisa | Indústria Conectada,Coleta de Dados e Produção,sistema de telemetria sob medida,Negative Exact
TQ | Pesquisa | Indústria Conectada,Coleta de Dados e Produção,monitoramento de máquinas em tempo real,Negative Exact
TQ | Pesquisa | Indústria Conectada,Coleta de Dados e Produção,monitoramento de ativos industriais,Negative Exact
TQ | Pesquisa | Indústria Conectada,Coleta de Dados e Produção,alerta de falha em equipamento,Negative Exact
TQ | Pesquisa | Indústria Conectada,Coleta de Dados e Produção,monitoramento remoto de motores,Negative Exact
TQ | Pesquisa | Indústria Conectada,Coleta de Dados e Produção,monitoramento de temperatura remoto industrial,Negative Exact
TQ | Pesquisa | Indústria Conectada,Coleta de Dados e Produção,reduzir parada de máquina,Negative Exact
TQ | Pesquisa | Indústria Conectada,Coleta de Dados e Produção,soluções iot industrial,Negative Exact
TQ | Pesquisa | Indústria Conectada,Coleta de Dados e Produção,empresa de iot,Negative Exact
TQ | Pesquisa | Indústria Conectada,Coleta de Dados e Produção,empresa de iot industrial,Negative Exact
TQ | Pesquisa | Indústria Conectada,Coleta de Dados e Produção,desenvolvimento iot,Negative Exact
TQ | Pesquisa | Indústria Conectada,Coleta de Dados e Produção,desenvolvimento de solução iot,Negative Exact
TQ | Pesquisa | Indústria Conectada,Coleta de Dados e Produção,projeto de iot para indústria,Negative Exact
TQ | Pesquisa | Indústria Conectada,Coleta de Dados e Produção,sensores iot industriais,Negative Exact
TQ | Pesquisa | Indústria Conectada,Coleta de Dados e Produção,gateway iot industrial,Negative Exact
TQ | Pesquisa | Indústria Conectada,Coleta de Dados e Produção,rede de sensores conectados,Negative Exact
TQ | Pesquisa | Indústria Conectada,Coleta de Dados e Produção,iot industrial,Negative Exact
TQ | Pesquisa | Indústria Conectada,Coleta de Dados e Produção,manutenção preditiva industrial,Negative Exact
TQ | Pesquisa | Indústria Conectada,Coleta de Dados e Produção,sistema de manutenção preditiva,Negative Exact
TQ | Pesquisa | Indústria Conectada,Coleta de Dados e Produção,manutenção preditiva com iot,Negative Exact
TQ | Pesquisa | Indústria Conectada,Coleta de Dados e Produção,manutenção industrial com sensores,Negative Exact
TQ | Pesquisa | Indústria Conectada,Coleta de Dados e Produção,monitoramento de manutenção industrial,Negative Exact
TQ | Pesquisa | Indústria Conectada,Coleta de Dados e Produção,sensor de vibração para manutenção preditiva,Negative Exact
TQ | Pesquisa | Indústria Conectada,Coleta de Dados e Produção,monitoramento de vibração de motores,Negative Exact
TQ | Pesquisa | Indústria Conectada,Coleta de Dados e Produção,retrofit de máquinas,Negative Exact
TQ | Pesquisa | Indústria Conectada,Coleta de Dados e Produção,retrofit de máquinas industriais,Negative Exact
TQ | Pesquisa | Indústria Conectada,Coleta de Dados e Produção,retrofit de equipamento industrial,Negative Exact
TQ | Pesquisa | Indústria Conectada,Coleta de Dados e Produção,retrofit industrial,Negative Exact
TQ | Pesquisa | Indústria Conectada,Coleta de Dados e Produção,empresa de retrofit de máquinas,Negative Exact
TQ | Pesquisa | Indústria Conectada,Coleta de Dados e Produção,modernização de máquinas industriais,Negative Exact
TQ | Pesquisa | Indústria Conectada,Coleta de Dados e Produção,modernização de equipamentos industriais,Negative Exact
TQ | Pesquisa | Indústria Conectada,Coleta de Dados e Produção,modernização de linha de produção,Negative Exact
TQ | Pesquisa | Indústria Conectada,Coleta de Dados e Produção,automatizar máquina antiga,Negative Exact
TQ | Pesquisa | Indústria Conectada,Coleta de Dados e Produção,atualizar máquina antiga,Negative Exact
TQ | Pesquisa | Indústria Conectada,Coleta de Dados e Produção,troca de comando de máquina,Negative Exact
TQ | Pesquisa | Indústria Conectada,Coleta de Dados e Produção,eletrônica nova para máquina antiga,Negative Exact
TQ | Pesquisa | Indústria Conectada,Coleta de Dados e Produção,aplicativo para controlar equipamento,Negative Exact
TQ | Pesquisa | Indústria Conectada,Coleta de Dados e Produção,aplicativo para monitorar equipamento,Negative Exact
TQ | Pesquisa | Indústria Conectada,Coleta de Dados e Produção,desenvolvimento de aplicativo para equipamento,Negative Exact
TQ | Pesquisa | Indústria Conectada,Coleta de Dados e Produção,aplicativo conectado a equipamento,Negative Exact
TQ | Pesquisa | Indústria Conectada,Coleta de Dados e Produção,app para equipamento industrial,Negative Exact
TQ | Pesquisa | Indústria Conectada,Coleta de Dados e Produção,aplicativo bluetooth para equipamento,Negative Exact
TQ | Pesquisa | Indústria Conectada,Coleta de Dados e Produção,dashboard industrial,Negative Exact
TQ | Pesquisa | Indústria Conectada,Coleta de Dados e Produção,dashboard de monitoramento industrial,Negative Exact
TQ | Pesquisa | Indústria Conectada,Coleta de Dados e Produção,desenvolvimento de dashboard industrial,Negative Exact
TQ | Pesquisa | Indústria Conectada,Coleta de Dados e Produção,software de monitoramento de equipamentos,Negative Exact
TQ | Pesquisa | Indústria Conectada,Coleta de Dados e Produção,sistema de monitoramento de equipamentos,Negative Exact
TQ | Pesquisa | Indústria Conectada,Coleta de Dados e Produção,telemetria de máquinas agrícolas,Negative Exact
TQ | Pesquisa | Indústria Conectada,Coleta de Dados e Produção,telemetria agrícola,Negative Exact
TQ | Pesquisa | Indústria Conectada,Coleta de Dados e Produção,monitoramento de máquinas agrícolas,Negative Exact
TQ | Pesquisa | Indústria Conectada,Coleta de Dados e Produção,automação de implementos agrícolas,Negative Exact
TQ | Pesquisa | Indústria Conectada,Coleta de Dados e Produção,eletrônica embarcada agrícola,Negative Exact
TQ | Pesquisa | Indústria Conectada,Coleta de Dados e Produção,monitoramento de usina fotovoltaica,Negative Exact
TQ | Pesquisa | Indústria Conectada,Coleta de Dados e Produção,telemetria de usina solar,Negative Exact
TQ | Pesquisa | Indústria Conectada,Coleta de Dados e Produção,automação para usina fotovoltaica,Negative Exact
TQ | Pesquisa | Indústria Conectada,Manutenção Preditiva,manutenção predial,Negative Phrase
TQ | Pesquisa | Indústria Conectada,Manutenção Preditiva,manutenção mecânica terceirizada,Negative Phrase
TQ | Pesquisa | Indústria Conectada,Manutenção Preditiva,empresa de manutenção elétrica predial,Negative Phrase
TQ | Pesquisa | Indústria Conectada,Manutenção Preditiva,plano de manutenção modelo,Negative Phrase
TQ | Pesquisa | Indústria Conectada,Manutenção Preditiva,tipos de manutenção,Negative Phrase
TQ | Pesquisa | Indústria Conectada,Manutenção Preditiva,manutenção corretiva e preventiva,Negative Phrase
TQ | Pesquisa | Indústria Conectada,Manutenção Preditiva,manutenção autônoma,Negative Phrase
TQ | Pesquisa | Indústria Conectada,Manutenção Preditiva,tpm manutenção,Negative Phrase
TQ | Pesquisa | Indústria Conectada,Manutenção Preditiva,monitoramento remoto de equipamentos,Negative Exact
TQ | Pesquisa | Indústria Conectada,Manutenção Preditiva,sistema de monitoramento remoto,Negative Exact
TQ | Pesquisa | Indústria Conectada,Manutenção Preditiva,monitoramento remoto industrial,Negative Exact
TQ | Pesquisa | Indústria Conectada,Manutenção Preditiva,telemetria de equipamentos,Negative Exact
TQ | Pesquisa | Indústria Conectada,Manutenção Preditiva,telemetria industrial,Negative Exact
TQ | Pesquisa | Indústria Conectada,Manutenção Preditiva,empresa de telemetria industrial,Negative Exact
TQ | Pesquisa | Indústria Conectada,Manutenção Preditiva,sistema de telemetria sob medida,Negative Exact
TQ | Pesquisa | Indústria Conectada,Manutenção Preditiva,monitoramento de máquinas em tempo real,Negative Exact
TQ | Pesquisa | Indústria Conectada,Manutenção Preditiva,monitoramento de ativos industriais,Negative Exact
TQ | Pesquisa | Indústria Conectada,Manutenção Preditiva,alerta de falha em equipamento,Negative Exact
TQ | Pesquisa | Indústria Conectada,Manutenção Preditiva,monitoramento remoto de motores,Negative Exact
TQ | Pesquisa | Indústria Conectada,Manutenção Preditiva,monitoramento de temperatura remoto industrial,Negative Exact
TQ | Pesquisa | Indústria Conectada,Manutenção Preditiva,reduzir parada de máquina,Negative Exact
TQ | Pesquisa | Indústria Conectada,Manutenção Preditiva,soluções iot industrial,Negative Exact
TQ | Pesquisa | Indústria Conectada,Manutenção Preditiva,empresa de iot,Negative Exact
TQ | Pesquisa | Indústria Conectada,Manutenção Preditiva,empresa de iot industrial,Negative Exact
TQ | Pesquisa | Indústria Conectada,Manutenção Preditiva,desenvolvimento iot,Negative Exact
TQ | Pesquisa | Indústria Conectada,Manutenção Preditiva,desenvolvimento de solução iot,Negative Exact
TQ | Pesquisa | Indústria Conectada,Manutenção Preditiva,projeto de iot para indústria,Negative Exact
TQ | Pesquisa | Indústria Conectada,Manutenção Preditiva,sensores iot industriais,Negative Exact
TQ | Pesquisa | Indústria Conectada,Manutenção Preditiva,gateway iot industrial,Negative Exact
TQ | Pesquisa | Indústria Conectada,Manutenção Preditiva,rede de sensores conectados,Negative Exact
TQ | Pesquisa | Indústria Conectada,Manutenção Preditiva,iot industrial,Negative Exact
TQ | Pesquisa | Indústria Conectada,Manutenção Preditiva,coleta de dados de máquinas,Negative Exact
TQ | Pesquisa | Indústria Conectada,Manutenção Preditiva,coleta de dados chão de fábrica,Negative Exact
TQ | Pesquisa | Indústria Conectada,Manutenção Preditiva,coleta automática de dados de produção,Negative Exact
TQ | Pesquisa | Indústria Conectada,Manutenção Preditiva,sistema de coleta de dados industrial,Negative Exact
TQ | Pesquisa | Indústria Conectada,Manutenção Preditiva,monitoramento de produção industrial,Negative Exact
TQ | Pesquisa | Indústria Conectada,Manutenção Preditiva,sistema de monitoramento de produção,Negative Exact
TQ | Pesquisa | Indústria Conectada,Manutenção Preditiva,monitoramento de chão de fábrica,Negative Exact
TQ | Pesquisa | Indústria Conectada,Manutenção Preditiva,apontamento de produção automático,Negative Exact
TQ | Pesquisa | Indústria Conectada,Manutenção Preditiva,sistema de apontamento de produção,Negative Exact
TQ | Pesquisa | Indústria Conectada,Manutenção Preditiva,sistema de oee,Negative Exact
TQ | Pesquisa | Indústria Conectada,Manutenção Preditiva,monitoramento de oee,Negative Exact
TQ | Pesquisa | Indústria Conectada,Manutenção Preditiva,indicador de oee industrial,Negative Exact
TQ | Pesquisa | Indústria Conectada,Manutenção Preditiva,monitoramento de parada de máquina,Negative Exact
TQ | Pesquisa | Indústria Conectada,Manutenção Preditiva,conectar máquina antiga à rede,Negative Exact
TQ | Pesquisa | Indústria Conectada,Manutenção Preditiva,integração de máquinas com sistema,Negative Exact
TQ | Pesquisa | Indústria Conectada,Manutenção Preditiva,digitalização do chão de fábrica,Negative Exact
TQ | Pesquisa | Indústria Conectada,Manutenção Preditiva,retrofit de máquinas,Negative Exact
TQ | Pesquisa | Indústria Conectada,Manutenção Preditiva,retrofit de máquinas industriais,Negative Exact
TQ | Pesquisa | Indústria Conectada,Manutenção Preditiva,retrofit de equipamento industrial,Negative Exact
TQ | Pesquisa | Indústria Conectada,Manutenção Preditiva,retrofit industrial,Negative Exact
TQ | Pesquisa | Indústria Conectada,Manutenção Preditiva,empresa de retrofit de máquinas,Negative Exact
TQ | Pesquisa | Indústria Conectada,Manutenção Preditiva,modernização de máquinas industriais,Negative Exact
TQ | Pesquisa | Indústria Conectada,Manutenção Preditiva,modernização de equipamentos industriais,Negative Exact
TQ | Pesquisa | Indústria Conectada,Manutenção Preditiva,modernização de linha de produção,Negative Exact
TQ | Pesquisa | Indústria Conectada,Manutenção Preditiva,automatizar máquina antiga,Negative Exact
TQ | Pesquisa | Indústria Conectada,Manutenção Preditiva,atualizar máquina antiga,Negative Exact
TQ | Pesquisa | Indústria Conectada,Manutenção Preditiva,troca de comando de máquina,Negative Exact
TQ | Pesquisa | Indústria Conectada,Manutenção Preditiva,eletrônica nova para máquina antiga,Negative Exact
TQ | Pesquisa | Indústria Conectada,Manutenção Preditiva,aplicativo para controlar equipamento,Negative Exact
TQ | Pesquisa | Indústria Conectada,Manutenção Preditiva,aplicativo para monitorar equipamento,Negative Exact
TQ | Pesquisa | Indústria Conectada,Manutenção Preditiva,desenvolvimento de aplicativo para equipamento,Negative Exact
TQ | Pesquisa | Indústria Conectada,Manutenção Preditiva,aplicativo conectado a equipamento,Negative Exact
TQ | Pesquisa | Indústria Conectada,Manutenção Preditiva,app para equipamento industrial,Negative Exact
TQ | Pesquisa | Indústria Conectada,Manutenção Preditiva,aplicativo bluetooth para equipamento,Negative Exact
TQ | Pesquisa | Indústria Conectada,Manutenção Preditiva,dashboard industrial,Negative Exact
TQ | Pesquisa | Indústria Conectada,Manutenção Preditiva,dashboard de monitoramento industrial,Negative Exact
TQ | Pesquisa | Indústria Conectada,Manutenção Preditiva,desenvolvimento de dashboard industrial,Negative Exact
TQ | Pesquisa | Indústria Conectada,Manutenção Preditiva,software de monitoramento de equipamentos,Negative Exact
TQ | Pesquisa | Indústria Conectada,Manutenção Preditiva,sistema de monitoramento de equipamentos,Negative Exact
TQ | Pesquisa | Indústria Conectada,Manutenção Preditiva,telemetria de máquinas agrícolas,Negative Exact
TQ | Pesquisa | Indústria Conectada,Manutenção Preditiva,telemetria agrícola,Negative Exact
TQ | Pesquisa | Indústria Conectada,Manutenção Preditiva,monitoramento de máquinas agrícolas,Negative Exact
TQ | Pesquisa | Indústria Conectada,Manutenção Preditiva,automação de implementos agrícolas,Negative Exact
TQ | Pesquisa | Indústria Conectada,Manutenção Preditiva,eletrônica embarcada agrícola,Negative Exact
TQ | Pesquisa | Indústria Conectada,Manutenção Preditiva,monitoramento de usina fotovoltaica,Negative Exact
TQ | Pesquisa | Indústria Conectada,Manutenção Preditiva,telemetria de usina solar,Negative Exact
TQ | Pesquisa | Indústria Conectada,Manutenção Preditiva,automação para usina fotovoltaica,Negative Exact
TQ | Pesquisa | Indústria Conectada,Retrofit e Modernização de Máquinas,retrofit de fachada,Negative Phrase
TQ | Pesquisa | Indústria Conectada,Retrofit e Modernização de Máquinas,retrofit predial,Negative Phrase
TQ | Pesquisa | Indústria Conectada,Retrofit e Modernização de Máquinas,retrofit de edifício,Negative Phrase
TQ | Pesquisa | Indústria Conectada,Retrofit e Modernização de Máquinas,retrofit de elevador,Negative Phrase
TQ | Pesquisa | Indústria Conectada,Retrofit e Modernização de Máquinas,retrofit arquitetura,Negative Phrase
TQ | Pesquisa | Indústria Conectada,Retrofit e Modernização de Máquinas,retrofit de imóvel,Negative Phrase
TQ | Pesquisa | Indústria Conectada,Retrofit e Modernização de Máquinas,retrofit residencial,Negative Phrase
TQ | Pesquisa | Indústria Conectada,Retrofit e Modernização de Máquinas,retrofit hoteleiro,Negative Phrase
TQ | Pesquisa | Indústria Conectada,Retrofit e Modernização de Máquinas,retrofit automotivo,Negative Phrase
TQ | Pesquisa | Indústria Conectada,Retrofit e Modernização de Máquinas,retrofit de ar condicionado,Negative Phrase
TQ | Pesquisa | Indústria Conectada,Retrofit e Modernização de Máquinas,retrofit de iluminação,Negative Phrase
TQ | Pesquisa | Indústria Conectada,Retrofit e Modernização de Máquinas,retrofit led,Negative Phrase
TQ | Pesquisa | Indústria Conectada,Retrofit e Modernização de Máquinas,retrofit o que é,Negative Phrase
TQ | Pesquisa | Indústria Conectada,Retrofit e Modernização de Máquinas,máquina usada,Negative Phrase
TQ | Pesquisa | Indústria Conectada,Retrofit e Modernização de Máquinas,aluguel de máquina,Negative Phrase
TQ | Pesquisa | Indústria Conectada,Retrofit e Modernização de Máquinas,peças de máquina,Negative Phrase
TQ | Pesquisa | Indústria Conectada,Retrofit e Modernização de Máquinas,monitoramento remoto de equipamentos,Negative Exact
TQ | Pesquisa | Indústria Conectada,Retrofit e Modernização de Máquinas,sistema de monitoramento remoto,Negative Exact
TQ | Pesquisa | Indústria Conectada,Retrofit e Modernização de Máquinas,monitoramento remoto industrial,Negative Exact
TQ | Pesquisa | Indústria Conectada,Retrofit e Modernização de Máquinas,telemetria de equipamentos,Negative Exact
TQ | Pesquisa | Indústria Conectada,Retrofit e Modernização de Máquinas,telemetria industrial,Negative Exact
TQ | Pesquisa | Indústria Conectada,Retrofit e Modernização de Máquinas,empresa de telemetria industrial,Negative Exact
TQ | Pesquisa | Indústria Conectada,Retrofit e Modernização de Máquinas,sistema de telemetria sob medida,Negative Exact
TQ | Pesquisa | Indústria Conectada,Retrofit e Modernização de Máquinas,monitoramento de máquinas em tempo real,Negative Exact
TQ | Pesquisa | Indústria Conectada,Retrofit e Modernização de Máquinas,monitoramento de ativos industriais,Negative Exact
TQ | Pesquisa | Indústria Conectada,Retrofit e Modernização de Máquinas,alerta de falha em equipamento,Negative Exact
TQ | Pesquisa | Indústria Conectada,Retrofit e Modernização de Máquinas,monitoramento remoto de motores,Negative Exact
TQ | Pesquisa | Indústria Conectada,Retrofit e Modernização de Máquinas,monitoramento de temperatura remoto industrial,Negative Exact
TQ | Pesquisa | Indústria Conectada,Retrofit e Modernização de Máquinas,reduzir parada de máquina,Negative Exact
TQ | Pesquisa | Indústria Conectada,Retrofit e Modernização de Máquinas,soluções iot industrial,Negative Exact
TQ | Pesquisa | Indústria Conectada,Retrofit e Modernização de Máquinas,empresa de iot,Negative Exact
TQ | Pesquisa | Indústria Conectada,Retrofit e Modernização de Máquinas,empresa de iot industrial,Negative Exact
TQ | Pesquisa | Indústria Conectada,Retrofit e Modernização de Máquinas,desenvolvimento iot,Negative Exact
TQ | Pesquisa | Indústria Conectada,Retrofit e Modernização de Máquinas,desenvolvimento de solução iot,Negative Exact
TQ | Pesquisa | Indústria Conectada,Retrofit e Modernização de Máquinas,projeto de iot para indústria,Negative Exact
TQ | Pesquisa | Indústria Conectada,Retrofit e Modernização de Máquinas,sensores iot industriais,Negative Exact
TQ | Pesquisa | Indústria Conectada,Retrofit e Modernização de Máquinas,gateway iot industrial,Negative Exact
TQ | Pesquisa | Indústria Conectada,Retrofit e Modernização de Máquinas,rede de sensores conectados,Negative Exact
TQ | Pesquisa | Indústria Conectada,Retrofit e Modernização de Máquinas,iot industrial,Negative Exact
TQ | Pesquisa | Indústria Conectada,Retrofit e Modernização de Máquinas,coleta de dados de máquinas,Negative Exact
TQ | Pesquisa | Indústria Conectada,Retrofit e Modernização de Máquinas,coleta de dados chão de fábrica,Negative Exact
TQ | Pesquisa | Indústria Conectada,Retrofit e Modernização de Máquinas,coleta automática de dados de produção,Negative Exact
TQ | Pesquisa | Indústria Conectada,Retrofit e Modernização de Máquinas,sistema de coleta de dados industrial,Negative Exact
TQ | Pesquisa | Indústria Conectada,Retrofit e Modernização de Máquinas,monitoramento de produção industrial,Negative Exact
TQ | Pesquisa | Indústria Conectada,Retrofit e Modernização de Máquinas,sistema de monitoramento de produção,Negative Exact
TQ | Pesquisa | Indústria Conectada,Retrofit e Modernização de Máquinas,monitoramento de chão de fábrica,Negative Exact
TQ | Pesquisa | Indústria Conectada,Retrofit e Modernização de Máquinas,apontamento de produção automático,Negative Exact
TQ | Pesquisa | Indústria Conectada,Retrofit e Modernização de Máquinas,sistema de apontamento de produção,Negative Exact
TQ | Pesquisa | Indústria Conectada,Retrofit e Modernização de Máquinas,sistema de oee,Negative Exact
TQ | Pesquisa | Indústria Conectada,Retrofit e Modernização de Máquinas,monitoramento de oee,Negative Exact
TQ | Pesquisa | Indústria Conectada,Retrofit e Modernização de Máquinas,indicador de oee industrial,Negative Exact
TQ | Pesquisa | Indústria Conectada,Retrofit e Modernização de Máquinas,monitoramento de parada de máquina,Negative Exact
TQ | Pesquisa | Indústria Conectada,Retrofit e Modernização de Máquinas,conectar máquina antiga à rede,Negative Exact
TQ | Pesquisa | Indústria Conectada,Retrofit e Modernização de Máquinas,integração de máquinas com sistema,Negative Exact
TQ | Pesquisa | Indústria Conectada,Retrofit e Modernização de Máquinas,digitalização do chão de fábrica,Negative Exact
TQ | Pesquisa | Indústria Conectada,Retrofit e Modernização de Máquinas,manutenção preditiva industrial,Negative Exact
TQ | Pesquisa | Indústria Conectada,Retrofit e Modernização de Máquinas,sistema de manutenção preditiva,Negative Exact
TQ | Pesquisa | Indústria Conectada,Retrofit e Modernização de Máquinas,manutenção preditiva com iot,Negative Exact
TQ | Pesquisa | Indústria Conectada,Retrofit e Modernização de Máquinas,manutenção industrial com sensores,Negative Exact
TQ | Pesquisa | Indústria Conectada,Retrofit e Modernização de Máquinas,monitoramento de manutenção industrial,Negative Exact
TQ | Pesquisa | Indústria Conectada,Retrofit e Modernização de Máquinas,sensor de vibração para manutenção preditiva,Negative Exact
TQ | Pesquisa | Indústria Conectada,Retrofit e Modernização de Máquinas,monitoramento de vibração de motores,Negative Exact
TQ | Pesquisa | Indústria Conectada,Retrofit e Modernização de Máquinas,aplicativo para controlar equipamento,Negative Exact
TQ | Pesquisa | Indústria Conectada,Retrofit e Modernização de Máquinas,aplicativo para monitorar equipamento,Negative Exact
TQ | Pesquisa | Indústria Conectada,Retrofit e Modernização de Máquinas,desenvolvimento de aplicativo para equipamento,Negative Exact
TQ | Pesquisa | Indústria Conectada,Retrofit e Modernização de Máquinas,aplicativo conectado a equipamento,Negative Exact
TQ | Pesquisa | Indústria Conectada,Retrofit e Modernização de Máquinas,app para equipamento industrial,Negative Exact
TQ | Pesquisa | Indústria Conectada,Retrofit e Modernização de Máquinas,aplicativo bluetooth para equipamento,Negative Exact
TQ | Pesquisa | Indústria Conectada,Retrofit e Modernização de Máquinas,dashboard industrial,Negative Exact
TQ | Pesquisa | Indústria Conectada,Retrofit e Modernização de Máquinas,dashboard de monitoramento industrial,Negative Exact
TQ | Pesquisa | Indústria Conectada,Retrofit e Modernização de Máquinas,desenvolvimento de dashboard industrial,Negative Exact
TQ | Pesquisa | Indústria Conectada,Retrofit e Modernização de Máquinas,software de monitoramento de equipamentos,Negative Exact
TQ | Pesquisa | Indústria Conectada,Retrofit e Modernização de Máquinas,sistema de monitoramento de equipamentos,Negative Exact
TQ | Pesquisa | Indústria Conectada,Retrofit e Modernização de Máquinas,telemetria de máquinas agrícolas,Negative Exact
TQ | Pesquisa | Indústria Conectada,Retrofit e Modernização de Máquinas,telemetria agrícola,Negative Exact
TQ | Pesquisa | Indústria Conectada,Retrofit e Modernização de Máquinas,monitoramento de máquinas agrícolas,Negative Exact
TQ | Pesquisa | Indústria Conectada,Retrofit e Modernização de Máquinas,automação de implementos agrícolas,Negative Exact
TQ | Pesquisa | Indústria Conectada,Retrofit e Modernização de Máquinas,eletrônica embarcada agrícola,Negative Exact
TQ | Pesquisa | Indústria Conectada,Retrofit e Modernização de Máquinas,monitoramento de usina fotovoltaica,Negative Exact
TQ | Pesquisa | Indústria Conectada,Retrofit e Modernização de Máquinas,telemetria de usina solar,Negative Exact
TQ | Pesquisa | Indústria Conectada,Retrofit e Modernização de Máquinas,automação para usina fotovoltaica,Negative Exact
TQ | Pesquisa | Indústria Conectada,Aplicativos e Dashboards,aplicativo de delivery,Negative Phrase
TQ | Pesquisa | Indústria Conectada,Aplicativos e Dashboards,criar app grátis,Negative Phrase
TQ | Pesquisa | Indústria Conectada,Aplicativos e Dashboards,loja de aplicativos,Negative Phrase
TQ | Pesquisa | Indústria Conectada,Aplicativos e Dashboards,aplicativo de banco,Negative Phrase
TQ | Pesquisa | Indústria Conectada,Aplicativos e Dashboards,app de mensagens,Negative Phrase
TQ | Pesquisa | Indústria Conectada,Aplicativos e Dashboards,quanto custa um aplicativo,Negative Phrase
TQ | Pesquisa | Indústria Conectada,Aplicativos e Dashboards,aplicativo de vendas,Negative Phrase
TQ | Pesquisa | Indústria Conectada,Aplicativos e Dashboards,criar aplicativo sem programar,Negative Phrase
TQ | Pesquisa | Indústria Conectada,Aplicativos e Dashboards,fábrica de software,Negative Phrase
TQ | Pesquisa | Indústria Conectada,Aplicativos e Dashboards,dashboard excel,Negative Phrase
TQ | Pesquisa | Indústria Conectada,Aplicativos e Dashboards,power bi,Negative Phrase
TQ | Pesquisa | Indústria Conectada,Aplicativos e Dashboards,template de dashboard,Negative Phrase
TQ | Pesquisa | Indústria Conectada,Aplicativos e Dashboards,looker studio,Negative Phrase
TQ | Pesquisa | Indústria Conectada,Aplicativos e Dashboards,aplicativo de namoro,Negative Phrase
TQ | Pesquisa | Indústria Conectada,Aplicativos e Dashboards,aplicativo de treino,Negative Phrase
TQ | Pesquisa | Indústria Conectada,Aplicativos e Dashboards,monitoramento remoto de equipamentos,Negative Exact
TQ | Pesquisa | Indústria Conectada,Aplicativos e Dashboards,sistema de monitoramento remoto,Negative Exact
TQ | Pesquisa | Indústria Conectada,Aplicativos e Dashboards,monitoramento remoto industrial,Negative Exact
TQ | Pesquisa | Indústria Conectada,Aplicativos e Dashboards,telemetria de equipamentos,Negative Exact
TQ | Pesquisa | Indústria Conectada,Aplicativos e Dashboards,telemetria industrial,Negative Exact
TQ | Pesquisa | Indústria Conectada,Aplicativos e Dashboards,empresa de telemetria industrial,Negative Exact
TQ | Pesquisa | Indústria Conectada,Aplicativos e Dashboards,sistema de telemetria sob medida,Negative Exact
TQ | Pesquisa | Indústria Conectada,Aplicativos e Dashboards,monitoramento de máquinas em tempo real,Negative Exact
TQ | Pesquisa | Indústria Conectada,Aplicativos e Dashboards,monitoramento de ativos industriais,Negative Exact
TQ | Pesquisa | Indústria Conectada,Aplicativos e Dashboards,alerta de falha em equipamento,Negative Exact
TQ | Pesquisa | Indústria Conectada,Aplicativos e Dashboards,monitoramento remoto de motores,Negative Exact
TQ | Pesquisa | Indústria Conectada,Aplicativos e Dashboards,monitoramento de temperatura remoto industrial,Negative Exact
TQ | Pesquisa | Indústria Conectada,Aplicativos e Dashboards,reduzir parada de máquina,Negative Exact
TQ | Pesquisa | Indústria Conectada,Aplicativos e Dashboards,soluções iot industrial,Negative Exact
TQ | Pesquisa | Indústria Conectada,Aplicativos e Dashboards,empresa de iot,Negative Exact
TQ | Pesquisa | Indústria Conectada,Aplicativos e Dashboards,empresa de iot industrial,Negative Exact
TQ | Pesquisa | Indústria Conectada,Aplicativos e Dashboards,desenvolvimento iot,Negative Exact
TQ | Pesquisa | Indústria Conectada,Aplicativos e Dashboards,desenvolvimento de solução iot,Negative Exact
TQ | Pesquisa | Indústria Conectada,Aplicativos e Dashboards,projeto de iot para indústria,Negative Exact
TQ | Pesquisa | Indústria Conectada,Aplicativos e Dashboards,sensores iot industriais,Negative Exact
TQ | Pesquisa | Indústria Conectada,Aplicativos e Dashboards,gateway iot industrial,Negative Exact
TQ | Pesquisa | Indústria Conectada,Aplicativos e Dashboards,rede de sensores conectados,Negative Exact
TQ | Pesquisa | Indústria Conectada,Aplicativos e Dashboards,iot industrial,Negative Exact
TQ | Pesquisa | Indústria Conectada,Aplicativos e Dashboards,coleta de dados de máquinas,Negative Exact
TQ | Pesquisa | Indústria Conectada,Aplicativos e Dashboards,coleta de dados chão de fábrica,Negative Exact
TQ | Pesquisa | Indústria Conectada,Aplicativos e Dashboards,coleta automática de dados de produção,Negative Exact
TQ | Pesquisa | Indústria Conectada,Aplicativos e Dashboards,sistema de coleta de dados industrial,Negative Exact
TQ | Pesquisa | Indústria Conectada,Aplicativos e Dashboards,monitoramento de produção industrial,Negative Exact
TQ | Pesquisa | Indústria Conectada,Aplicativos e Dashboards,sistema de monitoramento de produção,Negative Exact
TQ | Pesquisa | Indústria Conectada,Aplicativos e Dashboards,monitoramento de chão de fábrica,Negative Exact
TQ | Pesquisa | Indústria Conectada,Aplicativos e Dashboards,apontamento de produção automático,Negative Exact
TQ | Pesquisa | Indústria Conectada,Aplicativos e Dashboards,sistema de apontamento de produção,Negative Exact
TQ | Pesquisa | Indústria Conectada,Aplicativos e Dashboards,sistema de oee,Negative Exact
TQ | Pesquisa | Indústria Conectada,Aplicativos e Dashboards,monitoramento de oee,Negative Exact
TQ | Pesquisa | Indústria Conectada,Aplicativos e Dashboards,indicador de oee industrial,Negative Exact
TQ | Pesquisa | Indústria Conectada,Aplicativos e Dashboards,monitoramento de parada de máquina,Negative Exact
TQ | Pesquisa | Indústria Conectada,Aplicativos e Dashboards,conectar máquina antiga à rede,Negative Exact
TQ | Pesquisa | Indústria Conectada,Aplicativos e Dashboards,integração de máquinas com sistema,Negative Exact
TQ | Pesquisa | Indústria Conectada,Aplicativos e Dashboards,digitalização do chão de fábrica,Negative Exact
TQ | Pesquisa | Indústria Conectada,Aplicativos e Dashboards,manutenção preditiva industrial,Negative Exact
TQ | Pesquisa | Indústria Conectada,Aplicativos e Dashboards,sistema de manutenção preditiva,Negative Exact
TQ | Pesquisa | Indústria Conectada,Aplicativos e Dashboards,manutenção preditiva com iot,Negative Exact
TQ | Pesquisa | Indústria Conectada,Aplicativos e Dashboards,manutenção industrial com sensores,Negative Exact
TQ | Pesquisa | Indústria Conectada,Aplicativos e Dashboards,monitoramento de manutenção industrial,Negative Exact
TQ | Pesquisa | Indústria Conectada,Aplicativos e Dashboards,sensor de vibração para manutenção preditiva,Negative Exact
TQ | Pesquisa | Indústria Conectada,Aplicativos e Dashboards,monitoramento de vibração de motores,Negative Exact
TQ | Pesquisa | Indústria Conectada,Aplicativos e Dashboards,retrofit de máquinas,Negative Exact
TQ | Pesquisa | Indústria Conectada,Aplicativos e Dashboards,retrofit de máquinas industriais,Negative Exact
TQ | Pesquisa | Indústria Conectada,Aplicativos e Dashboards,retrofit de equipamento industrial,Negative Exact
TQ | Pesquisa | Indústria Conectada,Aplicativos e Dashboards,retrofit industrial,Negative Exact
TQ | Pesquisa | Indústria Conectada,Aplicativos e Dashboards,empresa de retrofit de máquinas,Negative Exact
TQ | Pesquisa | Indústria Conectada,Aplicativos e Dashboards,modernização de máquinas industriais,Negative Exact
TQ | Pesquisa | Indústria Conectada,Aplicativos e Dashboards,modernização de equipamentos industriais,Negative Exact
TQ | Pesquisa | Indústria Conectada,Aplicativos e Dashboards,modernização de linha de produção,Negative Exact
TQ | Pesquisa | Indústria Conectada,Aplicativos e Dashboards,automatizar máquina antiga,Negative Exact
TQ | Pesquisa | Indústria Conectada,Aplicativos e Dashboards,atualizar máquina antiga,Negative Exact
TQ | Pesquisa | Indústria Conectada,Aplicativos e Dashboards,troca de comando de máquina,Negative Exact
TQ | Pesquisa | Indústria Conectada,Aplicativos e Dashboards,eletrônica nova para máquina antiga,Negative Exact
TQ | Pesquisa | Indústria Conectada,Aplicativos e Dashboards,telemetria de máquinas agrícolas,Negative Exact
TQ | Pesquisa | Indústria Conectada,Aplicativos e Dashboards,telemetria agrícola,Negative Exact
TQ | Pesquisa | Indústria Conectada,Aplicativos e Dashboards,monitoramento de máquinas agrícolas,Negative Exact
TQ | Pesquisa | Indústria Conectada,Aplicativos e Dashboards,automação de implementos agrícolas,Negative Exact
TQ | Pesquisa | Indústria Conectada,Aplicativos e Dashboards,eletrônica embarcada agrícola,Negative Exact
TQ | Pesquisa | Indústria Conectada,Aplicativos e Dashboards,monitoramento de usina fotovoltaica,Negative Exact
TQ | Pesquisa | Indústria Conectada,Aplicativos e Dashboards,telemetria de usina solar,Negative Exact
TQ | Pesquisa | Indústria Conectada,Aplicativos e Dashboards,automação para usina fotovoltaica,Negative Exact
TQ | Pesquisa | Indústria Conectada,Telemetria Agrícola e Solar,rastreador agrícola,Negative Phrase
TQ | Pesquisa | Indústria Conectada,Telemetria Agrícola e Solar,energia solar residencial,Negative Phrase
TQ | Pesquisa | Indústria Conectada,Telemetria Agrícola e Solar,instalação de placa solar,Negative Phrase
TQ | Pesquisa | Indústria Conectada,Telemetria Agrícola e Solar,kit de energia solar,Negative Phrase
TQ | Pesquisa | Indústria Conectada,Telemetria Agrícola e Solar,orçamento de energia solar,Negative Phrase
TQ | Pesquisa | Indústria Conectada,Telemetria Agrícola e Solar,financiamento de energia solar,Negative Phrase
TQ | Pesquisa | Indústria Conectada,Telemetria Agrícola e Solar,placa solar preço,Negative Phrase
TQ | Pesquisa | Indústria Conectada,Telemetria Agrícola e Solar,gerador solar,Negative Phrase
TQ | Pesquisa | Indústria Conectada,Telemetria Agrícola e Solar,limpeza de placa solar preço,Negative Phrase
TQ | Pesquisa | Indústria Conectada,Telemetria Agrícola e Solar,curso de energia solar,Negative Phrase
TQ | Pesquisa | Indústria Conectada,Telemetria Agrícola e Solar,telemetria f1,Negative Phrase
TQ | Pesquisa | Indústria Conectada,Telemetria Agrícola e Solar,telemetria de corrida,Negative Phrase
TQ | Pesquisa | Indústria Conectada,Telemetria Agrícola e Solar,máquina agrícola usada,Negative Phrase
TQ | Pesquisa | Indústria Conectada,Telemetria Agrícola e Solar,trator preço,Negative Phrase
TQ | Pesquisa | Indústria Conectada,Telemetria Agrícola e Solar,monitoramento remoto de equipamentos,Negative Exact
TQ | Pesquisa | Indústria Conectada,Telemetria Agrícola e Solar,sistema de monitoramento remoto,Negative Exact
TQ | Pesquisa | Indústria Conectada,Telemetria Agrícola e Solar,monitoramento remoto industrial,Negative Exact
TQ | Pesquisa | Indústria Conectada,Telemetria Agrícola e Solar,telemetria de equipamentos,Negative Exact
TQ | Pesquisa | Indústria Conectada,Telemetria Agrícola e Solar,telemetria industrial,Negative Exact
TQ | Pesquisa | Indústria Conectada,Telemetria Agrícola e Solar,empresa de telemetria industrial,Negative Exact
TQ | Pesquisa | Indústria Conectada,Telemetria Agrícola e Solar,sistema de telemetria sob medida,Negative Exact
TQ | Pesquisa | Indústria Conectada,Telemetria Agrícola e Solar,monitoramento de máquinas em tempo real,Negative Exact
TQ | Pesquisa | Indústria Conectada,Telemetria Agrícola e Solar,monitoramento de ativos industriais,Negative Exact
TQ | Pesquisa | Indústria Conectada,Telemetria Agrícola e Solar,alerta de falha em equipamento,Negative Exact
TQ | Pesquisa | Indústria Conectada,Telemetria Agrícola e Solar,monitoramento remoto de motores,Negative Exact
TQ | Pesquisa | Indústria Conectada,Telemetria Agrícola e Solar,monitoramento de temperatura remoto industrial,Negative Exact
TQ | Pesquisa | Indústria Conectada,Telemetria Agrícola e Solar,reduzir parada de máquina,Negative Exact
TQ | Pesquisa | Indústria Conectada,Telemetria Agrícola e Solar,soluções iot industrial,Negative Exact
TQ | Pesquisa | Indústria Conectada,Telemetria Agrícola e Solar,empresa de iot,Negative Exact
TQ | Pesquisa | Indústria Conectada,Telemetria Agrícola e Solar,empresa de iot industrial,Negative Exact
TQ | Pesquisa | Indústria Conectada,Telemetria Agrícola e Solar,desenvolvimento iot,Negative Exact
TQ | Pesquisa | Indústria Conectada,Telemetria Agrícola e Solar,desenvolvimento de solução iot,Negative Exact
TQ | Pesquisa | Indústria Conectada,Telemetria Agrícola e Solar,projeto de iot para indústria,Negative Exact
TQ | Pesquisa | Indústria Conectada,Telemetria Agrícola e Solar,sensores iot industriais,Negative Exact
TQ | Pesquisa | Indústria Conectada,Telemetria Agrícola e Solar,gateway iot industrial,Negative Exact
TQ | Pesquisa | Indústria Conectada,Telemetria Agrícola e Solar,rede de sensores conectados,Negative Exact
TQ | Pesquisa | Indústria Conectada,Telemetria Agrícola e Solar,iot industrial,Negative Exact
TQ | Pesquisa | Indústria Conectada,Telemetria Agrícola e Solar,coleta de dados de máquinas,Negative Exact
TQ | Pesquisa | Indústria Conectada,Telemetria Agrícola e Solar,coleta de dados chão de fábrica,Negative Exact
TQ | Pesquisa | Indústria Conectada,Telemetria Agrícola e Solar,coleta automática de dados de produção,Negative Exact
TQ | Pesquisa | Indústria Conectada,Telemetria Agrícola e Solar,sistema de coleta de dados industrial,Negative Exact
TQ | Pesquisa | Indústria Conectada,Telemetria Agrícola e Solar,monitoramento de produção industrial,Negative Exact
TQ | Pesquisa | Indústria Conectada,Telemetria Agrícola e Solar,sistema de monitoramento de produção,Negative Exact
TQ | Pesquisa | Indústria Conectada,Telemetria Agrícola e Solar,monitoramento de chão de fábrica,Negative Exact
TQ | Pesquisa | Indústria Conectada,Telemetria Agrícola e Solar,apontamento de produção automático,Negative Exact
TQ | Pesquisa | Indústria Conectada,Telemetria Agrícola e Solar,sistema de apontamento de produção,Negative Exact
TQ | Pesquisa | Indústria Conectada,Telemetria Agrícola e Solar,sistema de oee,Negative Exact
TQ | Pesquisa | Indústria Conectada,Telemetria Agrícola e Solar,monitoramento de oee,Negative Exact
TQ | Pesquisa | Indústria Conectada,Telemetria Agrícola e Solar,indicador de oee industrial,Negative Exact
TQ | Pesquisa | Indústria Conectada,Telemetria Agrícola e Solar,monitoramento de parada de máquina,Negative Exact
TQ | Pesquisa | Indústria Conectada,Telemetria Agrícola e Solar,conectar máquina antiga à rede,Negative Exact
TQ | Pesquisa | Indústria Conectada,Telemetria Agrícola e Solar,integração de máquinas com sistema,Negative Exact
TQ | Pesquisa | Indústria Conectada,Telemetria Agrícola e Solar,digitalização do chão de fábrica,Negative Exact
TQ | Pesquisa | Indústria Conectada,Telemetria Agrícola e Solar,manutenção preditiva industrial,Negative Exact
TQ | Pesquisa | Indústria Conectada,Telemetria Agrícola e Solar,sistema de manutenção preditiva,Negative Exact
TQ | Pesquisa | Indústria Conectada,Telemetria Agrícola e Solar,manutenção preditiva com iot,Negative Exact
TQ | Pesquisa | Indústria Conectada,Telemetria Agrícola e Solar,manutenção industrial com sensores,Negative Exact
TQ | Pesquisa | Indústria Conectada,Telemetria Agrícola e Solar,monitoramento de manutenção industrial,Negative Exact
TQ | Pesquisa | Indústria Conectada,Telemetria Agrícola e Solar,sensor de vibração para manutenção preditiva,Negative Exact
TQ | Pesquisa | Indústria Conectada,Telemetria Agrícola e Solar,monitoramento de vibração de motores,Negative Exact
TQ | Pesquisa | Indústria Conectada,Telemetria Agrícola e Solar,retrofit de máquinas,Negative Exact
TQ | Pesquisa | Indústria Conectada,Telemetria Agrícola e Solar,retrofit de máquinas industriais,Negative Exact
TQ | Pesquisa | Indústria Conectada,Telemetria Agrícola e Solar,retrofit de equipamento industrial,Negative Exact
TQ | Pesquisa | Indústria Conectada,Telemetria Agrícola e Solar,retrofit industrial,Negative Exact
TQ | Pesquisa | Indústria Conectada,Telemetria Agrícola e Solar,empresa de retrofit de máquinas,Negative Exact
TQ | Pesquisa | Indústria Conectada,Telemetria Agrícola e Solar,modernização de máquinas industriais,Negative Exact
TQ | Pesquisa | Indústria Conectada,Telemetria Agrícola e Solar,modernização de equipamentos industriais,Negative Exact
TQ | Pesquisa | Indústria Conectada,Telemetria Agrícola e Solar,modernização de linha de produção,Negative Exact
TQ | Pesquisa | Indústria Conectada,Telemetria Agrícola e Solar,automatizar máquina antiga,Negative Exact
TQ | Pesquisa | Indústria Conectada,Telemetria Agrícola e Solar,atualizar máquina antiga,Negative Exact
TQ | Pesquisa | Indústria Conectada,Telemetria Agrícola e Solar,troca de comando de máquina,Negative Exact
TQ | Pesquisa | Indústria Conectada,Telemetria Agrícola e Solar,eletrônica nova para máquina antiga,Negative Exact
TQ | Pesquisa | Indústria Conectada,Telemetria Agrícola e Solar,aplicativo para controlar equipamento,Negative Exact
TQ | Pesquisa | Indústria Conectada,Telemetria Agrícola e Solar,aplicativo para monitorar equipamento,Negative Exact
TQ | Pesquisa | Indústria Conectada,Telemetria Agrícola e Solar,desenvolvimento de aplicativo para equipamento,Negative Exact
TQ | Pesquisa | Indústria Conectada,Telemetria Agrícola e Solar,aplicativo conectado a equipamento,Negative Exact
TQ | Pesquisa | Indústria Conectada,Telemetria Agrícola e Solar,app para equipamento industrial,Negative Exact
TQ | Pesquisa | Indústria Conectada,Telemetria Agrícola e Solar,aplicativo bluetooth para equipamento,Negative Exact
TQ | Pesquisa | Indústria Conectada,Telemetria Agrícola e Solar,dashboard industrial,Negative Exact
TQ | Pesquisa | Indústria Conectada,Telemetria Agrícola e Solar,dashboard de monitoramento industrial,Negative Exact
TQ | Pesquisa | Indústria Conectada,Telemetria Agrícola e Solar,desenvolvimento de dashboard industrial,Negative Exact
TQ | Pesquisa | Indústria Conectada,Telemetria Agrícola e Solar,software de monitoramento de equipamentos,Negative Exact
TQ | Pesquisa | Indústria Conectada,Telemetria Agrícola e Solar,sistema de monitoramento de equipamentos,Negative Exact
TQ | Pesquisa | Termos Amplos,Automação Industrial,automação residencial,Negative Phrase
TQ | Pesquisa | Termos Amplos,Automação Industrial,automação predial,Negative Phrase
TQ | Pesquisa | Termos Amplos,Automação Industrial,automação comercial pdv,Negative Phrase
TQ | Pesquisa | Termos Amplos,Automação Industrial,comprar clp,Negative Phrase
TQ | Pesquisa | Termos Amplos,Automação Industrial,clp preço,Negative Phrase
TQ | Pesquisa | Termos Amplos,Automação Industrial,curso de clp,Negative Phrase
TQ | Pesquisa | Termos Amplos,Automação Industrial,programação de clp,Negative Phrase
TQ | Pesquisa | Termos Amplos,Automação Industrial,montagem de painel elétrico,Negative Phrase
TQ | Pesquisa | Termos Amplos,Automação Industrial,quadro de comando preço,Negative Phrase
TQ | Pesquisa | Termos Amplos,Automação Industrial,robô industrial preço,Negative Phrase
TQ | Pesquisa | Termos Amplos,Automação Industrial,célula robotizada,Negative Phrase
TQ | Pesquisa | Termos Amplos,Automação Industrial,esteira transportadora,Negative Phrase
TQ | Pesquisa | Termos Amplos,Automação Industrial,supervisório scada,Negative Phrase
TQ | Pesquisa | Termos Amplos,Automação Industrial,siemens,Negative Phrase
TQ | Pesquisa | Termos Amplos,Automação Industrial,rockwell,Negative Phrase
TQ | Pesquisa | Termos Amplos,Automação Industrial,allen bradley,Negative Phrase
TQ | Pesquisa | Termos Amplos,Automação Industrial,schneider,Negative Phrase
TQ | Pesquisa | Termos Amplos,Automação Industrial,weg,Negative Phrase
TQ | Pesquisa | Termos Amplos,Automação Industrial,delta clp,Negative Phrase
TQ | Pesquisa | Termos Amplos,Automação Industrial,soluções indústria 4.0,Negative Exact
TQ | Pesquisa | Termos Amplos,Automação Industrial,indústria 4.0 para empresas,Negative Exact
TQ | Pesquisa | Termos Amplos,Automação Industrial,projeto indústria 4.0,Negative Exact
TQ | Pesquisa | Termos Amplos,Automação Industrial,empresa de indústria 4.0,Negative Exact
TQ | Pesquisa | Termos Amplos,Automação Industrial,digitalização da indústria,Negative Exact
TQ | Pesquisa | Termos Amplos,Automação Industrial,transformação digital industrial,Negative Exact
TQ | Pesquisa | Termos Amplos,Automação Industrial,indústria 4.0,Negative Exact
TQ | Pesquisa | Termos Amplos,Indústria 4.0,artigo indústria 4.0,Negative Phrase
TQ | Pesquisa | Termos Amplos,Indústria 4.0,livro indústria 4.0,Negative Phrase
TQ | Pesquisa | Termos Amplos,Indústria 4.0,história da indústria,Negative Phrase
TQ | Pesquisa | Termos Amplos,Indústria 4.0,quarta revolução industrial,Negative Phrase
TQ | Pesquisa | Termos Amplos,Indústria 4.0,pilares da indústria 4.0,Negative Phrase
TQ | Pesquisa | Termos Amplos,Indústria 4.0,indústria 4.0 resumo,Negative Phrase
TQ | Pesquisa | Termos Amplos,Indústria 4.0,indústria 5.0,Negative Phrase
TQ | Pesquisa | Termos Amplos,Indústria 4.0,indústria 4.0 o que é,Negative Phrase
TQ | Pesquisa | Termos Amplos,Indústria 4.0,empresa de automação industrial,Negative Exact
TQ | Pesquisa | Termos Amplos,Indústria 4.0,automação industrial sob medida,Negative Exact
TQ | Pesquisa | Termos Amplos,Indústria 4.0,automação industrial personalizada,Negative Exact
TQ | Pesquisa | Termos Amplos,Indústria 4.0,projeto de automação industrial,Negative Exact
TQ | Pesquisa | Termos Amplos,Indústria 4.0,serviços de automação industrial,Negative Exact
TQ | Pesquisa | Termos Amplos,Indústria 4.0,integrador de automação industrial,Negative Exact
TQ | Pesquisa | Termos Amplos,Indústria 4.0,empresa de automação industrial em ribeirão preto,Negative Exact
TQ | Pesquisa | Termos Amplos,Indústria 4.0,automação de máquinas,Negative Exact
TQ | Pesquisa | Termos Amplos,Indústria 4.0,automação de processos industriais,Negative Exact
TQ | Pesquisa | Termos Amplos,Indústria 4.0,automação de equipamentos,Negative Exact
TQ | Pesquisa | Termos Amplos,Indústria 4.0,sistema de controle de máquinas,Negative Exact
TQ | Pesquisa | Termos Amplos,Indústria 4.0,sistema de controle eletrônico,Negative Exact
TQ | Pesquisa | Termos Amplos,Indústria 4.0,controle de motores e bombas,Negative Exact
TQ | Pesquisa | Termos Amplos,Indústria 4.0,automação industrial,Negative Exact
TQ | Pesquisa | Termos Amplos,Descoberta Ampla,loja,Negative Phrase
TQ | Pesquisa | Termos Amplos,Descoberta Ampla,conserto,Negative Phrase
TQ | Pesquisa | Termos Amplos,Descoberta Ampla,aluguel,Negative Phrase
TQ | Pesquisa | Termos Amplos,Descoberta Ampla,revenda,Negative Phrase
TQ | Pesquisa | Termos Amplos,Descoberta Ampla,usado,Negative Phrase
TQ | Pesquisa | Termos Amplos,Descoberta Ampla,preço de,Negative Phrase
TQ | Pesquisa | Termos Amplos,Descoberta Ampla,quanto custa,Negative Phrase
TQ | Pesquisa | Termos Amplos,Descoberta Ampla,onde comprar,Negative Phrase
TQ | Pesquisa | Termos Amplos,Descoberta Ampla,empresa de automação industrial,Negative Exact
TQ | Pesquisa | Termos Amplos,Descoberta Ampla,automação industrial sob medida,Negative Exact
TQ | Pesquisa | Termos Amplos,Descoberta Ampla,automação industrial personalizada,Negative Exact
TQ | Pesquisa | Termos Amplos,Descoberta Ampla,projeto de automação industrial,Negative Exact
TQ | Pesquisa | Termos Amplos,Descoberta Ampla,serviços de automação industrial,Negative Exact
TQ | Pesquisa | Termos Amplos,Descoberta Ampla,integrador de automação industrial,Negative Exact
TQ | Pesquisa | Termos Amplos,Descoberta Ampla,empresa de automação industrial em ribeirão preto,Negative Exact
TQ | Pesquisa | Termos Amplos,Descoberta Ampla,automação de máquinas,Negative Exact
TQ | Pesquisa | Termos Amplos,Descoberta Ampla,automação de processos industriais,Negative Exact
TQ | Pesquisa | Termos Amplos,Descoberta Ampla,automação de equipamentos,Negative Exact
TQ | Pesquisa | Termos Amplos,Descoberta Ampla,sistema de controle de máquinas,Negative Exact
TQ | Pesquisa | Termos Amplos,Descoberta Ampla,sistema de controle eletrônico,Negative Exact
TQ | Pesquisa | Termos Amplos,Descoberta Ampla,controle de motores e bombas,Negative Exact
TQ | Pesquisa | Termos Amplos,Descoberta Ampla,automação industrial,Negative Exact
TQ | Pesquisa | Termos Amplos,Descoberta Ampla,soluções indústria 4.0,Negative Exact
TQ | Pesquisa | Termos Amplos,Descoberta Ampla,indústria 4.0 para empresas,Negative Exact
TQ | Pesquisa | Termos Amplos,Descoberta Ampla,projeto indústria 4.0,Negative Exact
TQ | Pesquisa | Termos Amplos,Descoberta Ampla,empresa de indústria 4.0,Negative Exact
TQ | Pesquisa | Termos Amplos,Descoberta Ampla,digitalização da indústria,Negative Exact
TQ | Pesquisa | Termos Amplos,Descoberta Ampla,transformação digital industrial,Negative Exact
TQ | Pesquisa | Termos Amplos,Descoberta Ampla,indústria 4.0,Negative Exact
